query,gold_answer,source_file,parser_type,field
"""优化营商环境政策打折扣"" 的印证资料包括哪些？",（1）《关于修订低压“零费用”接入实施方案的通知》（鄂电司营销〔2022〕51号）； （2）《GWjz供电公司关于印发业扩报装业务工作规范要点的通知》（鄂电司jz供营销〔2025〕23号）； （3）《GWjz供电公司关于印发开展“零费用”报装合规问题专项整治工作方案的通知》（鄂电司jz供营销〔2024〕21号）； （4）《GWjz供电公司关于印发10千伏及以下业扩配套电网项目优化实施方案的通知》（鄂电司jz供〔2022〕31号）； （5）低压非居民用户台账； （6）高压用户台账； （7）160千瓦及以下用户高压接入的“书面申明”。,zhjgfa20260116V4 - 副本.docx,structured,印证资料
"""优化营商环境政策打折扣"" 的整改措施是什么？",严格执行GW《关于进一步规范业扩报装“白名单”管理和线上办电业务受理工作的通知》《营销营商〔2025〕110 号》要求，开展“白名单”质检工作，对报送不真实、佐证资料不齐全等问题，严格纳入时限达标率考核。落实新版《供用电规则》及“三零”服务相关政策，实行“首问负责、一次性告知”，严格落实投资界面要求，特殊原因无法低压接入的，规范签订书面申明。对因电网改造升级工程需要，无法满足规定接电时限要求的，依照（华中能监稽查【2025】115号）文实施备案。,zhjgfa20260116V4 - 副本.docx,structured,整改措施
"""优化营商环境政策打折扣"" 的监管依据是什么？",电力监管机构对供电企业办理用电业务的情况实施监管。《供电监管办法》第11条、第34条。,zhjgfa20260116V4 - 副本.docx,structured,监管依据
"""优化营商环境政策打折扣"" 的问题描述是什么？",供电企业内部管理制度不合理，业扩报装“白名单”管理不规范；存在报装容量160千瓦以下的民营经济组织未享受“三零”服务、违规扩大“零投资”项目建设范围等，“获得电力”政策执行有偏差。,zhjgfa20260116V4 - 副本.docx,structured,问题描述
"""低电压、频繁停电治理不彻底"" 的印证资料包括哪些？",（1）配电网低电压、重过载、频繁停电治理方案； （2）频繁停电线路和台区台账、治理的相关措施及成效； （3）故障停运督办单、生产任务单等相关材料； （4）配网主动运维如清树障、除鸟窝、装快融、防外破等相关通报督办材料； （5）整理配网故障停运典型案例专题分析及治理材料； （6）jz公司相关主动运维、故障抢修等宣贯材料及各单位实施方案； （7）GWjz供电公司配网运维指导手册； （8）配网“低电压”预防治理指导手册； （9）季度、半年、年度、迎峰度夏、迎峰度冬配网运行分析报告； （10）日、周、月度低电压通报材料； （11）低电压治理工作票及成效评估材料（含一周三台区、调档、三相平衡、ARB移相装置等）； （12）低电压治理的相关票单及现场治理照片； （13）电压监测点设置台账； （14）电压异常监测点的分析报告及现场治理相关票单、照片印证材料。,zhjgfa20260116V4 - 副本.docx,structured,印证资料
"""低电压、频繁停电治理不彻底"" 的整改措施是什么？",提升配网巡检质效。加强配网巡视运维力度，强化隐患缺陷发现、处置、评价全流程闭环管控机制，提升运检质效。加大配网建设力度，做好台区低电压、用户低电压等薄弱环节改造，推进配电网巩固提升。持续提升供电可靠性，大力推广不停电作业，推进全电压、全类型、全地形覆盖，减少停电影响；全力推进全自化FA策略投运、配电自动化开关布点以及配自终端运维消缺工作，加快故障处置由“人工处置”向“智慧自愈”转变。加强电压主动监测预警，强化低电压问题数据分析，深入查找低电压成因，按照“先运维、后项目”的原则，开展低电压问题快速治理，实现低电压问题动态清零。,zhjgfa20260116V4 - 副本.docx,structured,整改措施
"""低电压、频繁停电治理不彻底"" 的监管依据是什么？",电力监管机构对供电企业的供电质量实施监管《供电监管办法》第7条、第8条、第34条。,zhjgfa20260116V4 - 副本.docx,structured,监管依据
"""低电压、频繁停电治理不彻底"" 的问题描述是什么？",部分地区在2024 年频繁停电专项治理完成后，停电现象依然存在，部分单位线路全线停电问题仍有发生，影响用户正常用电。,zhjgfa20260116V4 - 副本.docx,structured,问题描述
"""供电企业向用户受电工程提供服务不规范"" 的印证资料包括哪些？",（1）《国家电网有限公司业扩报装管理规则》（国家电网企管〔2019〕431号）； （2）《关于执行10（20）千伏业扩报装项目竣工检验标准作业卡的通知》（营销电传〔2025〕74号）； （3）用户新装（增容）竣工验收资料； （4）用电业扩办理告知书； （5）用户受电工程典型设计及预算。,zhjgfa20260116V4 - 副本.docx,structured,印证资料
"""供电企业向用户受电工程提供服务不规范"" 的整改措施是什么？",在供电方答复后应主动向用户推送《10（20）千伏业扩报装项目竣工检验标准作业卡》，并严格对照开展验收。严禁执行差异化的审查、验收标准，或者采取不受理、不通过、拖延设计图纸审查、中间检查及竣工检验等方式、影响用户选择设计、施工、设备材料供应单位。重要电力用户、居民住宅小区受电工程施工期间，应当根据审核同意的设计和有关施工标准，对用户受电工程隐蔽工程进行中间检查和竣工验收，如有不符合规定或缺陷的，应一次性向用户提出书面意见，指导用户按照设计和施工标准予以改正。,zhjgfa20260116V4 - 副本.docx,structured,整改措施
"""供电企业向用户受电工程提供服务不规范"" 的监管依据是什么？",电力监管机构对供电企业向用户受电工程提供服务的情况实施监管。《供电监管办法》第12条、第34条,zhjgfa20260116V4 - 副本.docx,structured,监管依据
"""供电企业向用户受电工程提供服务不规范"" 的问题描述是什么？",对用户受电工程进行中间检查和竣工检验未规范执行国家、行业有关标准；发现用户受电设施存在故障隐患未一次性书面告知用户并指导其予以消除；发现用户受电设施存在严重威胁电力系统安全运行和人身安全的隐患时，未能指导帮助其立即消除。,zhjgfa20260116V4 - 副本.docx,structured,问题描述
"""供电企业实施停电、限电或者中止供电不规范"" 的印证资料包括哪些？",（1）关于印发jz市2024年迎峰度冬有序用电方案的通知； （2）关于印发jz市2025年迎峰度冬负荷管理方案的通知； （3）停电通告； （4）停电通知单。,zhjgfa20260116V4 - 副本.docx,structured,印证资料
"""供电企业实施停电、限电或者中止供电不规范"" 的整改措施是什么？",按照先错峰、后避峰、再限电以及“六保五限”的原则制定方案，不得在有序用电方案中滥用限电措施。有序用电方案印发后应及时告知用户，并组织开展演练，对用户实施变更、取消有序用电措施前，通过公告、电话、传真等方式履行告知义务。严格停电操作规范性和复电效率，对于停电管理按《供电营业规则》要求，停电前三至七日内将停电通知书送达用户，及时准确通知用户。,zhjgfa20260116V4 - 副本.docx,structured,整改措施
"""供电企业实施停电、限电或者中止供电不规范"" 的监管依据是什么？",电力监管机构对供电企业实施停电、限电或者中止供电的情况。《供电监管办法》第13、第34条,zhjgfa20260116V4 - 副本.docx,structured,监管依据
"""供电企业实施停电、限电或者中止供电不规范"" 的问题描述是什么？",有序用电方案报电力主管部门审批不及时，事前告知用户不到位；对因电网发生故障或者电力供需紧张等原因需要停电、限电的，未按电力主管批准的有序用电方案或者事故应急处置方案规范执行。对重要电力用户实施停电、限电、中止供电或者恢复供电未按照国家有关规定执行。,zhjgfa20260116V4 - 副本.docx,structured,问题描述
"""供电投诉举报处理时效和处理质量不高"" 的印证资料包括哪些？",（1）12398、95598投诉清单，投诉调查分析报告、整改闭环及考核落实的印证资料。 （2）《GWjz供电公司关于印发供电服务考核规范（试行）的通知》。 （3）《GWjz供电公司关于提升供电投诉举报处理质效的工作方案》等。,zhjgfa20260116V4 - 副本.docx,structured,印证资料
"""供电投诉举报处理时效和处理质量不高"" 的整改措施是什么？",编制下发《GWjz供电公司关于提升供电投诉举报处理质效的工作方案》，建立专业协同“大服务”管控体系，明确投诉举报处理职责分工和时限要求，构建分级管控、流程规范的服务质量管理机制，要求对投诉举报属实问题限期整改，考核责任落实到位，确保投诉举报事项闭环管理，推动服务问题根本解决，切实提升客户满意度。,zhjgfa20260116V4 - 副本.docx,structured,整改措施
"""供电投诉举报处理时效和处理质量不高"" 的监管依据是什么？",电力监管机构对供电企业处理用电投诉的情况实施监管。《供电监管办法》第16条、第34条。,zhjgfa20260116V4 - 副本.docx,structured,监管依据
"""供电投诉举报处理时效和处理质量不高"" 的问题描述是什么？",部分单位对客户供电投诉举报响应不及时，整改进度较慢，投诉处理满意率不高。,zhjgfa20260116V4 - 副本.docx,structured,问题描述
"""供电能力和可靠性有待提升"" 的印证资料包括哪些？",（1）供电可靠性指标分析报告（区分城网/农网）； （2）供电可靠性系统导出的停电事件明细表； （3）日、周、月度故障停运通报材料； （4）季度、半年、年度、迎峰度夏、迎峰度冬配网运行分析报告； （5）《GWjz供电公司供电可靠性数据管理办法》； （6）配网储备库项目清单。,zhjgfa20260116V4 - 副本.docx,structured,印证资料
"""供电能力和可靠性有待提升"" 的整改措施是什么？",加大配网项目储备数量，积极推动大规模设备更新，加大老旧配变、线路、开关等改造力度，提升设备健康运行水平，保障相关问题及时解决。聚焦停电事件完整性、准确性，建立可靠性数据逐级审查机制，常态化开展数据核查工作，减少可靠性数据误差。,zhjgfa20260116V4 - 副本.docx,structured,整改措施
"""供电能力和可靠性有待提升"" 的监管依据是什么？",电力监管机构对供电企业的供电质量实施监管《供电监管办法》第7条、第34条。,zhjgfa20260116V4 - 副本.docx,structured,监管依据
"""供电能力和可靠性有待提升"" 的问题描述是什么？",部分地区配网投资力度不足，电网网架结构薄弱，供电能力存在不足。,zhjgfa20260116V4 - 副本.docx,structured,问题描述
"""信息公开不到位"" 的印证资料包括哪些？",（1）网上GWAPP信息公开专栏； （2）业扩报装和13项变更用电业务办理告知书； （3）销售电价及收费标准上墙：销售电价表、城乡居民一户一表收费标准、高可靠性供电费用收取标准； （4）可开放容量（含分布式光伏、用户接入）季度公示，注明时间、供电所盖章； （5）高压业扩业务办理告知书上全国建筑市场监管公共平台服务网站、信用能源网站等设计施工单位查询网址。,zhjgfa20260116V4 - 副本.docx,structured,印证资料
"""信息公开不到位"" 的印证资料包括哪些？",（1）jz电网分布式光伏承载力评估报告（以季度为单位）； （2）分布式光伏可开放容量（以季度为单位）； （3）县公司季度10kV线路、台区可用容量、实际使用容量等公示佐证。,zhjgfa20260116V4 - 副本.docx,structured,印证资料
"""信息公开不到位"" 的整改措施是什么？",落实《国家能源局关于印发〈供电企业信息公开实施办法〉的通知》（国能发监管规〔2021〕56 号）要求，按照《关于进一步加强供电营业厅运营管理和信息公开相关工作的通知》（营销电传【2025】77）信息公开清单，落实供电服务信息公开主体责任，通过网上GWAPP、95598 网站、营业厅等线上线下渠道做好信息发布、更新，定期开展现场检查。加强“三零”“三省”以及“三指定”等政策宣传，做好12398 与95598 供电服务热线同步、同对象公布到位，保障客户知情权。,zhjgfa20260116V4 - 副本.docx,structured,整改措施
"""信息公开不到位"" 的整改措施是什么？",每季度最后一月配电部在配电云主站完成10千伏线路及台区分布式光伏可接入容量计算及审核25日前提交省公司。,zhjgfa20260116V4 - 副本.docx,structured,整改措施
"""信息公开不到位"" 的监管依据是什么？",电力监管机构对供电企业信息公开的情况实施监管。未按照规定披露、公开、报送信息或披露虚假信息《供电监管办法》第22条,zhjgfa20260116V4 - 副本.docx,structured,监管依据
"""信息公开不到位"" 的监管依据是什么？",供电企业应当主动公开与人民群众利益相关的信息《电力企业信息公开实施办法》第7条、《供电监管办法》第37条。,zhjgfa20260116V4 - 副本.docx,structured,监管依据
"""信息公开不到位"" 的问题描述是什么？",供电企业对信息公开重要性认识不足，未严格执行《供电企业信息公开实施办法》相关要求，在供电营业厅、供电企业微信公众号、网上GW等信息公开渠道，公开业扩报装、电价、可开放性容量以及设计、施工单位查询网址等群众密切关注相关内容不完整、不正确。部分营业厅未公示供电服务承诺以及95598供电服务热线、12398能源监管热线等。,zhjgfa20260116V4 - 副本.docx,structured,问题描述
"""信息公开不到位"" 的问题描述是什么？",供电企业对信息公开重要性认识不足，未严格执行《供电企业信息公开实施办法》相关要求，公开的信息内容不完整、不正确。,zhjgfa20260116V4 - 副本.docx,structured,问题描述
"""停电信息公布不及时、不全面"" 的印证资料包括哪些？",（1）GWjz供电公司关于加强停送电信息报送管理的通知； （2）《供电服务日报》停电信息相关通报； （3）《服务管控周报》停电信息相关通报； （4）《双周供电服务情况通报》停电信息相关通报； （5）《供电服务指挥运营月报》停电信息相关通报； （6）《供电单位优质服务重点工作考核指标评分表》； （7）不规范停电信息发布的考核印证资料； （8）供电服务指挥系统查询停电信息相关信息； （9）组织开展停电信息管理的培训资料。,zhjgfa20260116V4 - 副本.docx,structured,印证资料
"""停电信息公布不及时、不全面"" 的整改措施是什么？",依照《供电监管办法》要求，开展停电信息发布日常监管，严格规范停电信息停送电报送管理，对于监控发现的不规范事件严肃考核到位。,zhjgfa20260116V4 - 副本.docx,structured,整改措施
"""停电信息公布不及时、不全面"" 的监管依据是什么？",监管依据：电力监管机构对供电企业实施停电、限电或者中止供电以及处理供电故障的的情况进行监管。《供电监管办法》第13条、第14条、第34条。,zhjgfa20260116V4 - 副本.docx,structured,监管依据
"""停电信息公布不及时、不全面"" 的问题描述是什么？",停电信息没有按规定时间提前公布，停电区域、停电线路、停电起止时间等信息不完整。,zhjgfa20260116V4 - 副本.docx,structured,问题描述
"""充电设施接电服务标准存在差异"" 的印证资料包括哪些？",（1）《GW湖北省电力有限公司关于进一步明确居住区电动汽车充电设施报装接电管理要求的通知》（鄂电司营销〔2023〕8号)； （2）《GW湖北省电力有限公司关于印发湖北省电动自行车集中充电设施报装接电服务指南的通知》（鄂电司营销〔2024〕19号）； （3）《关于加快住宅小区电动汽车充电设施建设的通知》（荆建发〔2023〕7号）； （4）电动自行车充电设施报装台账； （5）电动汽车充电设施报装台账； （6）12398、95598充电设施报装投诉清单。,zhjgfa20260116V4 - 副本.docx,structured,印证资料
"""充电设施接电服务标准存在差异"" 的整改措施是什么？",推动政府按（发改能源〔2016〕1611号）要求，优化充电设施用电报装服务机制，简化居民用户报装申请资料，居民小区电动汽车和电动自行车充电设施接电服务纳入“三零”服务政策。按照GW《关于进一步规范充电设施建设管理的通知》（营销市场〔2025〕105号）要求，在业扩报装中严格把关，通过营销业务系统开展合规性检查，对所有充电设施报装主体一视同仁，严禁区别对待。关注接入受限且长期未解决或无正当理由中止用户。促请政府主管部门组织对既有小区开展充电桩接入条件评估并公示，推行充电桩报装“以函代证”“一小区一证明”等便捷服务。,zhjgfa20260116V4 - 副本.docx,structured,整改措施
"""充电设施接电服务标准存在差异"" 的监管依据是什么？",电力监管机构对供电企业办理用电业务的情况实施监管。《供电监管办法》第11条、第34条。,zhjgfa20260116V4 - 副本.docx,structured,监管依据
"""充电设施接电服务标准存在差异"" 的问题描述是什么？",电动汽车充电桩接入标准不统一；居民小区电动汽车和电动自行车充电设施接电服务欠缺，个人充电桩办电手续简化有待优化。,zhjgfa20260116V4 - 副本.docx,structured,问题描述
"""分布式光伏接入服务不规范"" 的印证资料包括哪些？",（1）《国家电网有限公司关于印发<分布式光伏并网服务工作手册（试行）>的通知》（国家电网营销〔2025〕163号）； （2）《GW湖北省电力有限公司关于印发分布式光伏发电项目并网服务细则（试行）的通知》鄂电司营销〔2024〕26号； （3）《GWjz供电公司关于印发分布式光伏发电项目并网服务规范（试行）的通知》（鄂电司jz供营销〔2024〕24号）； （4）分布式光伏并网台账； （5）分布式光伏并网全过程资料。 二、发展部 （一）供电区域内供电能力不能及时满足用电需求 GWjz供电公司综合计划文件； 《GWjz供电公司“十四五”配电网规划报告》； 《GWjz供电公司“十五五”配电网规划报告》； 新建或改造可研批复文件； 新建、改造项目投产时间进度统计表； 新建（改建）220kV、110kV、35kV电压等级容载比值。 （二）电网公平开放接入服务方面,zhjgfa20260116V4 - 副本.docx,structured,印证资料
"""分布式光伏接入服务不规范"" 的整改措施是什么？",严格执行省公司相关文件要求，完善《GWjz供电公司分布式光伏发电项目并网服务规范》，优化工作流程、规范并网全过程管理，确保办理时限等满足国家要求。全面推进业务线上办理，依托电源接入线上服务平台办理流程，确保流程合规、时限合理；用好分布式光伏并网服务时限管控系统，实现“临期预警、超期督办”功能，提升全流程服务效率。加大监督考核力度，将各环节时限落实情况纳入关键业绩考核指标，促进业务管理水平提升。 超前谋划全要素保障，聚焦电网结构、供电能力、用户报装等需求，每年滚动调整电网规划方案，提出次年新开工项目建议，逐步提升电网供电能力和供电可靠性，避免出现“发展等电”问题。科学制定投产时序，推动重点电网项目纳入政府重大工程协调机制，履行公司决策程序并刚性执行，严格落实电网项目里程碑计划，按节点完成项目可研、核准、开工、投产等任务，及时满足供区经济和社会发展需求。,zhjgfa20260116V4 - 副本.docx,structured,整改措施
"""分布式光伏接入服务不规范"" 的监管依据是什么？",电力监管机构对供电企业公平、无歧视开放供电市场的情况实施监管。《供电监管办法》第18、第35条。 电力监管机构对供电企业的供电能力实施监管。《供电监管办法》第6条、第33条。,zhjgfa20260116V4 - 副本.docx,structured,监管依据
"""分布式光伏接入服务不规范"" 的问题描述是什么？",公平开放服务工作制度不完善；相关工作制度具体执行有偏差。在提供接网服务过程中违规增设前置条件，分布式光伏项目受理流程混乱，通过“体外循环”规避时限要求考核，流程办电超规定时限，以及存在违规增设接网条件，提高设计、验收门槛。 2024年以来供电企业电网项目建设滞后，供电能力不足，无法满足其供电区域内用电需求。,zhjgfa20260116V4 - 副本.docx,structured,问题描述
"""办理便利度不够，办电信息记录不真实。"" 的印证资料包括哪些？",（1）《GW湖北省电力有限公司关于印发业扩报装“体外循环”问题专项治理工作方案的通知》（鄂电司办〔2025〕28号）； （2）《GWjz供电公司关于开展业扩报装基础管理提质强能行动的通知》（鄂电司jz供营销〔2025〕11号）； （3）《全面治理业扩报装“体外循环”问题积极构建长效机制实施方案》（鄂电司jz供〔2024〕7号）； （4）高低压用户终止清单及闭环资料； （5）12398、95598业扩报装投诉工单及闭环资料。,zhjgfa20260116V4 - 副本.docx,structured,印证资料
"""办理便利度不够，办电信息记录不真实。"" 的整改措施是什么？",严格执行《关于进一步规范业扩报装“白名单”管理和线上办电业务受理工作的通知》（营销营商〔2025〕110号）要求，取消预受理信息审核环节，刚性执行“获得电力”政策。严肃整治“体外循环”。落实省侧《关于印发业扩报装“体外循环”问题专项治理工作方案的通知》（鄂电司办〔2025〕28号）要求，执行《业扩项目“体外循环”管控（认定）规则》，强推《规范业扩报装关键环节作业票单填写及系统应用》，利用营销2.0、采集2.0 及营销现场作业平台管控功能，严格执行“接单即录入”“受办分离”，确保线上线下环节时间一致。强化供指系统业扩报装“透明化”管控，定期通报异常工单，将“体外循环”问题治理纳入各级业绩指标体系，对查实问题发现一起、通报一起、考核一起。加强业扩报装过程管控和日常监督，落实业扩流程时限考核。将业扩配套纳入供指平台，提升业扩报装管理质效。,zhjgfa20260116V4 - 副本.docx,structured,整改措施
"""办理便利度不够，办电信息记录不真实。"" 的监管依据是什么？",电力监管机构对供电企业办理用电业务的情况实施监管。《供电监管办法》第11条、第34条。,zhjgfa20260116V4 - 副本.docx,structured,监管依据
"""办理便利度不够，办电信息记录不真实。"" 的问题描述是什么？",供电企业违规增设办电环节，未如实记录用电报装信息，业扩报装“体外循环”，民生用电服务保障不到位；部分供电企业压减办电时长不到位，导致用户报装环节超过规定时限。,zhjgfa20260116V4 - 副本.docx,structured,问题描述
"""履行供电企业电力保供兜底服务能力不够"" 的印证资料包括哪些？",突发事件应急预案及演练记录； 应急发电车/机出车记录及维护保养台账； 抢险救灾保供电典型案例材料。 数字化部 （一）转嫁电网投资，收取不合理费用。 用户并网站点台账； 用户并网站点方式单。 六、调控中心责任分工 （一）民生用电服务方面,zhjgfa20260116V4 - 副本.docx,structured,印证资料
"""履行供电企业电力保供兜底服务能力不够"" 的整改措施是什么？",健全应急保供联动机制。加强与政府部门及防汛、消防等机构的沟通联动，全面修编完善迎峰度夏（冬）、防汛抗旱及重要节假日保供电应急预案。提升应急装备运维水平。建立应急发电车、发电机管理台账，落实“定期试机、定期保养”制度，优化应急电源布点，确保应急电源装备处于随时可用状态，确保故障“先复电、后抢修”。强化应急实战演练。针对自然灾害、突发公共事件等场景，常态化开展紧急供电实战演练，重点检验抢修队伍的快速集结能力和临时供电方案的执行效率。 制定通信通道运检费及运维费、自动化设备建设费等回购工作方案，对用户出资建设电网侧间隔的通信板卡及自动化设备建设费等站内设备，以正式函询相关业主，2026年做到“应回购、尽回购、合规回购”。对于后续新增的站内设备，由电网企业投资建设。组织全面排查、举一反三，明确不得向用户收取电力通信通道维护费，已与用户签订电力通信通道服务合同的，立即解除合同，停止收取相关费用。,zhjgfa20260116V4 - 副本.docx,structured,整改措施
"""履行供电企业电力保供兜底服务能力不够"" 的监管依据是什么？",电力监管机构对供电企业履行紧急供电义务的情况实施监管。《供电监管办法》第15条、第34条。 电力监管机构对供电企业履行电力社会普遍服务义务及电价政策和收费标准的的情况实施监管。《供电监管办法》第10条、第19条、第34条、第36条处罚。,zhjgfa20260116V4 - 副本.docx,structured,监管依据
"""履行供电企业电力保供兜底服务能力不够"" 的问题描述是什么？",因抢险救灾、突发事件需要紧急供电时，部分单位未能及时提供电力供应。 部分单位将供电企业应承担的通讯设施等费用转嫁给用户或发电企业；违规向用户或发电企业收取通信通道维护费、杆塔租赁费等。,zhjgfa20260116V4 - 副本.docx,structured,问题描述
"""并网服务管理不规范。"" 的印证资料包括哪些？",（1）接入方案审查规范标准 ①申请接入电网的常规电源、新能源、分布式电源和储能等各类项目的建设指标文件、核准（备案）文件； ②接入系统批复、电网接网协议等； ③接入系统审查意见单； 3供电企业公开信息不主动、不及时。 （1）按季度开展分布式电源接入电网承载力评估，全面评估辖区内35-220千伏设备承载能力相关佐证； （2）《分布式光伏可开放容量》（以季度为单位)。 三、运检部 （一）民生用电服务方面,zhjgfa20260116V4 - 副本.docx,structured,印证资料
"""并网服务管理不规范。"" 的整改措施是什么？",完善管理制度。落实《GW湖北省电力有限公司电源接入和电网互联前期工作管理实施细则》（鄂电司发展〔2025〕9 号）要求，规范并网意向受理环节需要项目业主提交的资料清单，杜绝要求项目业主提交自建函等材料；优化完善接入系统设计方案审批、接网协议签订等流程，确保办理时限等满足国家要求。全面推进业务线上办理，依托电源接入线上服务平台办理集中式新能源、新型储能和常规电源项目接网流程，确保流程合规、时限合理；利用分布式光伏并网服务时限管控系统，实现“临期预警、超期督办”功能，提升全流程服务效率。加大监督考核力度，将接网服务时限、接网协议签订等指标纳入关键业绩考核指标，促进业务管理水平提升。 落实《国家能源局关于印发〈供电企业信息公开实施办法〉的通知》（国能发监管规〔2021〕56 号）要求，严格执行《分布式电源接入电网承载力评估导则》（DL/T2041-2019）及相关要求，按季度开展承载力分析评估，形成评估报告，按时下发至各供电单位，以便接入专线用户查询上级变电站可开放情况。打造“一键发布”新模式，提升信息公开数字化、智能化水平，提高信息公开的一致性、及时性、准确性。,zhjgfa20260116V4 - 副本.docx,structured,整改措施
"""并网服务管理不规范。"" 的监管依据是什么？",电力监管机构对供电企业公平、无歧视开放供电市场及办理用电业务的情况实施监管。《供电监管办法》第11条、第18条、第19条、第34条、第35条。 供电企业应当主动公开与人民群众利益相关的信息《电力企业信息公开实施办法》第7条、《供电监管办法》第37条。,zhjgfa20260116V4 - 副本.docx,structured,监管依据
"""并网服务管理不规范。"" 的问题描述是什么？",供电企业在接网过程中违规增设并网环节，执行接入流程不到位。电网企业擅自提高或降低并网标准，答复接入系统设计方案超时限，未与用户规范签订接网协议。 以变电站为单位测算电网承载力评估结果（包括新能源及用电负载）未按时间节点公布，或公开的制度、信息等不完整、不及时、不准确。,zhjgfa20260116V4 - 副本.docx,structured,问题描述
"""并网管理不规范"" 的印证资料包括哪些？",（1）并网调度协议； （2）机组并网工作指南；（3）系统参数告知函及回执； （4）高压分布式光伏用户台账（安装AGC/AVC）； （5）电力业务许可证清单； （6）并网调度协议或电力业务许可证到期用户告知通知书。,zhjgfa20260116V4 - 副本.docx,structured,印证资料
"""并网管理不规范"" 的整改措施是什么？",落实《GW湖北省电力有限公司电源接入和电网互联前期工作管理实施细则》（鄂电司发展〔2025〕9 号）要求，全面推进业务线上办理，依托电源接入线上服务平台办理集中式新能源、新型储能和常规电源项目接网流程，确保流程合规、时限合理。加强用户并网调度协议和电力业务许可证清单台账管理，加强与用户沟通联系，协议、许可证临近有效期时，提前一个月提醒用户修订、续签并网调度协议，办理新的电力业务许可证，将接网服务时限、并网调度协议签订等纳入关键业绩考核指标。,zhjgfa20260116V4 - 副本.docx,structured,整改措施
"""并网管理不规范"" 的监管依据是什么？",电力监管机构对供电企业公平、无歧视开放供电市场的情况实施监管。《供电监管办法》第18条、第35条。《电网调度管理条例》第26条。,zhjgfa20260116V4 - 副本.docx,structured,监管依据
"""并网管理不规范"" 的问题描述是什么？",供电企业在接网过程中违规增设并网环节，执行接入流程不到位。电网企业擅自提高或降低并网标准，答复接入系统设计方案超时限，未与用户规范签订并网调度协议或接网协议。,zhjgfa20260116V4 - 副本.docx,structured,问题描述
"""执行电价标准不规范，多收少收高可靠性费。"" 的印证资料包括哪些？",（1）《GWjz供电公司关于印发业扩报装业务工作规范要点的通知》（鄂电司jz供营销〔2025〕23号）； （2）《省发改委关于高可靠性供电收费有关事项的通知》（鄂发改价管看〔2025〕72号）； （3）《省发改委关于做好电网企业代理购电工作的通知》； （4）销户退费凭证；（5）双电源及高可靠性费收取明细清单； （6）高压双电源业扩报装资料； （7）一址多户清单；,zhjgfa20260116V4 - 副本.docx,structured,印证资料
"""执行电价标准不规范，多收少收高可靠性费。"" 的整改措施是什么？",加强电价政策的培训宣贯，制定电价执行指导手册，指导基层单位掌握电价执行标准。开展“大走访、大普查”活动，依据营销2.0系统核查电价执行情况，及时纠正执行偏差。加强长期零度户清理，对非正常零度户严格执行“销户+退费”。开展居民供用电合同清理，规范合同续签标准、日期、有效期及合同附件上传。核查营销2.0系统双电源、一址多户的高可靠性供电收费情况，严格执行《省发改委关于高可靠性供电收费有关事项的通知》（鄂发改价管〔2025〕72号）文件，做到应收尽收、应退尽退。,zhjgfa20260116V4 - 副本.docx,structured,整改措施
"""执行电价标准不规范，多收少收高可靠性费。"" 的监管依据是什么？",电力监管机构对供电企业履行电力社会普遍服务义务及电价政策和收费标准的的情况实施监管。《供电监管办法》第10条、第19条、第34条、第36条。,zhjgfa20260116V4 - 副本.docx,structured,监管依据
"""执行电价标准不规范，多收少收高可靠性费。"" 的问题描述是什么？",在实行国家核准电价或者市场交易价向用户计收电费有偏差，部分单位存在电费中加收或者代收国家政策规定以外的其他费用；未严格执行销户即退费；对国家已经明令取缔的收费项目向用户收取费用；存在多收少收收高可靠性供电费；居民供用电合同签订和履行情况不到位。,zhjgfa20260116V4 - 副本.docx,structured,问题描述
"""投诉举报宣传渠道不够畅通"" 的印证资料包括哪些？",（1）营业厅现场检查情况通报及整改报告（包含信息公开部分检查内容），对信息公示不规范、不清晰、不准确的情况，要求责任单位及时整改； （2）各供电站所、电力设施张贴的12398、95598等投诉举报热线照片； （3）95598知识库更新台账记录，确保业务办理、服务电话等信息及时更新。,zhjgfa20260116V4 - 副本.docx,structured,印证资料
"""投诉举报宣传渠道不够畅通"" 的整改措施是什么？",通过“现场巡查+交叉互查”方式，联合营销部（农电部、乡村振兴办）对营业窗口电话公示情况进行核查，重点检查是否在营业窗口显著位置悬挂12398铭牌和95598标识，铭牌是否醒目、清晰，标识是否标准、规范。对公示不规范、不清晰的情况，要求责任单位及时整改到位。,zhjgfa20260116V4 - 副本.docx,structured,整改措施
"""投诉举报宣传渠道不够畅通"" 的监管依据是什么？",电力监管机构对供电企业处理用电投诉的情况实施监管。《供电监管办法》第16条、第34条。,zhjgfa20260116V4 - 副本.docx,structured,监管依据
"""投诉举报宣传渠道不够畅通"" 的问题描述是什么？",部分供电营业厅12398铭牌老旧，字迹不清晰。,zhjgfa20260116V4 - 副本.docx,structured,问题描述
"""政府委托工程及回购资金管理不规范"" 的印证资料包括哪些？",（1）《湖北省电力公司关于印发用户资产接收管理办法的通知》（鄂电司财〔2011〕40号）； （2）用户及新能源资产回购支付明细表； （3）红线外投资及代建政府项目收支明细表。 八、供电服务指挥中心 （一）民生用电服务方面,zhjgfa20260116V4 - 副本.docx,structured,印证资料
"""政府委托工程及回购资金管理不规范"" 的整改措施是什么？",强化内部管控机制，修订合同变更管理制度，严格按照交易规则，规范开展合同变更。建立长效机制，严格执行《GW湖北省电力有限公司电源接入和电网互联前期工作管理实施细则》（鄂电司发展〔2025〕 9 号），超前储备需求、提速前期建设，确保变电站间隔及站内设备全部由公司投资建设。积极推动存量工程回购，制定年度回购计划，力争到 2026 年底对具备条件的项目做到“应回购、尽回购、合规回购”。,zhjgfa20260116V4 - 副本.docx,structured,整改措施
"""政府委托工程及回购资金管理不规范"" 的监管依据是什么？",电力监管机构对供电企业执行国家规定的成本规则的情况实施监管。《供电监管办法》第21条、第34条。,zhjgfa20260116V4 - 副本.docx,structured,监管依据
"""政府委托工程及回购资金管理不规范"" 的问题描述是什么？",部分单位对已列入延伸投资和资产回购项目存在无法保障资金需求；部分单位存在公司代政府垫资费用及政府资金长期挂账情况。,zhjgfa20260116V4 - 副本.docx,structured,问题描述
"""故障抢修服务时效性不高"" 的印证资料包括哪些？",（1）《关于加强中压发电车调拨管理的通知》； （2）《GWjz供电公司关于进一步加强jz配网抢修管控的通知》； （3）《供电服务日报》抢修工单相关通报； （4）《供电服务日报》抢修工单相关通报； （5）《服务管控周报》抢修工单相关通报； （6）《供电服务指挥运营月报》抢修工单相关通报； （7）《供电单位优质服务重点工作考核指标评分表》； （8）供电服务指挥系统查询抢修故障工单相关信息； （9）故障报修处理不规范明细及问题分析； （10）故障抢修不规范、不及时、到达现场超时等情况的考核印证资料。,zhjgfa20260116V4 - 副本.docx,structured,印证资料
"""故障抢修服务时效性不高"" 的整改措施是什么？","科学优化网格化抢修布点，强化抢修力量,坚持“先复电、后抢修”的原则，加强中压发电车调拨管理，增强故障抢修中发电保供支撑能力。完善故障报修工单评价考核机制，做到日通报、月考核。",zhjgfa20260116V4 - 副本.docx,structured,整改措施
"""故障抢修服务时效性不高"" 的监管依据是什么？",电力监管机构对供电企业实施停电、限电或者中止供电以及处理供电故障的的情况进行监管。《供电监管办法》第13条、第14条、第34条。,zhjgfa20260116V4 - 副本.docx,structured,监管依据
"""故障抢修服务时效性不高"" 的问题描述是什么？",故障抢修服务机制不完善，存在抢修不及时、到达现场超时等情况。,zhjgfa20260116V4 - 副本.docx,structured,问题描述
"""新能源优化调度不科学"" 的印证资料包括哪些？",（1）新能源应急调度序位表； （2）压限新能源出力的调度运行记录； （3）新能源电站现货免考核申请及佐证材料； （4）新能源场站AGC闭环运行参数定值单。,zhjgfa20260116V4 - 副本.docx,structured,印证资料
"""新能源优化调度不科学"" 的整改措施是什么？",调整新能源现货出清下限设置，确保限电容量不低于新能源场站可调节下限。,zhjgfa20260116V4 - 副本.docx,structured,整改措施
"""新能源优化调度不科学"" 的监管依据是什么？",电力监管机构对消纳责任权重和重点行业绿色电力消费比例完成情况开展监管。《关于2025年可再生能源电力消纳责任权重及有关事项的通知》第六条。,zhjgfa20260116V4 - 副本.docx,structured,监管依据
"""新能源优化调度不科学"" 的问题描述是什么？",电网企业未根据实际情况对新能源进行科学调度，新能源限电不规范，限电容量低于新能源场站可调节下限。,zhjgfa20260116V4 - 副本.docx,structured,问题描述
"""未建立频繁停电问题清单"" 的印证资料包括哪些？",（1）《GWjz供电公司关于开展10千伏频繁停电线路闭环治理的通知》； （2）《GWjz供电公司关于印发供电服务考核规范（试行）的通知》； （3）编制《jz供电公司近三年因专变故障引发越级停电的专题报告》； （4）10千伏频繁停电线路清单明细表； 《供电服务监管日报》中通报的频繁停电案例及整治情况。,zhjgfa20260116V4 - 副本.docx,structured,印证资料
"""未建立频繁停电问题清单"" 的整改措施是什么？",建立jz10kV线路停电明细库，定期对频繁停电线路、台区、用户开展通报，对频繁停电典型问题，纳入《供电服务监管日报》，跟踪治理质效，按周发布负面案例整改情况报告。,zhjgfa20260116V4 - 副本.docx,structured,整改措施
"""未建立频繁停电问题清单"" 的监管依据是什么？",电力监管机构对供电企业的供电质量实施监管。《供电监管办法》第7条。《国家能源局综合司关于巩固专项整治成效持续推进频繁停电治理的通知》（国能综通监管〔2023〕121号）。,zhjgfa20260116V4 - 副本.docx,structured,监管依据
"""未建立频繁停电问题清单"" 的问题描述是什么？",未动态建立10千伏频繁停电线路清单明细表，对典型频繁停电问题，没有落实整改效果。,zhjgfa20260116V4 - 副本.docx,structured,问题描述
"""民生用电薄弱区域综合治理欠缺"" 的印证资料包括哪些？",《省能源局省住建厅省市场监管局关于印发湖北省城镇建设住宅和工商业电力设施建设指南的通知》（鄂能源调度〔2022〕16）； （2）全量非电网直供电住宅小区供配电设施基础信息台账； （3）“临代正”小区台账；（4）“转改直”统计台账及竣工验收资料。,zhjgfa20260116V4 - 副本.docx,structured,印证资料
"""民生用电薄弱区域综合治理欠缺"" 的整改措施是什么？",推动出台居民住宅供配电设施建设地方标准，协同地方政府建立“联审联验”机制，提级管控新住配供电方案，确保新建小区双电源配置规范、车位100%预留充电桩安装条件。严格执行充电设施报装指南接入标准，落实国家充电桩三年倍增计划相关要求。制定非电网直供小区改造计划，促请政府利用“两新”资金等支持新政策，有序推进城中村、老旧小区、非直供直供电小区、“临代正”小区改造，力争在2026年全面消除“临代正”小区，在“十五五”期间全面完成辖区内非电网直供小区改造。,zhjgfa20260116V4 - 副本.docx,structured,整改措施
"""民生用电薄弱区域综合治理欠缺"" 的监管依据是什么？",电力监管机构对供电企业履行电力社会普遍服务义务及电价政策和收费标准的情况实施监管。《供电监管办法》第10条、第19条、第34条、第36条。,zhjgfa20260116V4 - 副本.docx,structured,监管依据
"""民生用电薄弱区域综合治理欠缺"" 的问题描述是什么？",未积极推动地方政府健全完善新建居民小区公共基础设施建设相关制度规范，新建小区双电源配置不到位；未及时向地方政府汇报推动解决“临代正”等问题，未与政府建立城中村、老旧小区、临代正、非电网直供电小区等民生用电薄弱区域综合治理机制，承担社会责任落实兜底服务要求不够。,zhjgfa20260116V4 - 副本.docx,structured,问题描述
"""源网协调发展不匹配"" 的印证资料包括哪些？",新能源消纳分析报告； （2）十五五电网发展规划问题清单。 （三）电力市场规范运行方面,zhjgfa20260116V4 - 副本.docx,structured,印证资料
"""源网协调发展不匹配"" 的整改措施是什么？",加强新能源配套电源送出项目协调工作，保障新能源消纳。同时引导新型储能业主优先在新能源集中地区布局，缓解新能源送出通道压力。积极协同发展部推动工程建设，提高卡口区域新能源外送能力，消除设备反送重过载问题，满足新能源汇集送出需求。,zhjgfa20260116V4 - 副本.docx,structured,整改措施
"""源网协调发展不匹配"" 的监管依据是什么？",电力监管机构对供电企业保障供电安全的情况实施监管。《供电监管办法》第9条、第34条。,zhjgfa20260116V4 - 副本.docx,structured,监管依据
"""源网协调发展不匹配"" 的问题描述是什么？",新能源和电网项目建设时序协调不足、衔接不到位。部分片区新能源集中开发布局，负荷低谷期间新能源反送造成设备重过载，影响消纳。,zhjgfa20260116V4 - 副本.docx,structured,问题描述
"""用户受电工程“三指定”"" 的印证资料包括哪些？",《GW湖北省电力有限公司关于印发用户受电工程“三指定”典型行为检查认定及结果定级处理标准的通知》（鄂电司营销〔2025〕5号）； 《GWjz供电公司关于开展“三指定”问题治理行动的通知》（鄂电司jz供营销〔2025〕12号)； （3）《GWjz供电公司关于印发业扩报装业务工作规范要点的通知》（鄂电司jz供营销〔2025〕23号)； （4）中共GWjz供电公司纪律检查委员会关于印发《防治“三指定”问题“三管住三不准”工作规定（试行）》的通知（鄂电司jz供纪发〔2025〕8号）； （5）各单位分别提供《党委会议纪要》（违规人员处理意见）； （6）用户受电工程关键岗位廉政从业承诺书； （7）业扩报装竣工资料； （8）高压用户新装（增容）归档清单。,zhjgfa20260116V4 - 副本.docx,structured,印证资料
"""用户受电工程“三指定”"" 的整改措施是什么？",严格对照GW《用户受电工程“三指定”典型行为检查认定标准》（营销营商〔2025〕71号），持续开展“三指定”问题专项治理行动，再次清查2024-2025年归档高压业扩资料，建立问题台账，确保问题清零见底，坚决杜绝“三指定”问题发生。严禁原集体企业提前介入业扩报装关键环节，原集体企业人员不得参与供电方案编制、图纸审查、中间检查、竣工检验等办电环节。加强营纪协同监督，强化95598 电话回访中“三指定”问题线索即时转办机制，对发现的线索开展“四不两直”现场检查，对发现的问题按照公司《关于防治“三指定”问题“三管住三不准”工作规定（试行）》（鄂电司jz供纪发〔2025〕8号）处置。,zhjgfa20260116V4 - 副本.docx,structured,整改措施
"""用户受电工程“三指定”"" 的监管依据是什么？",电力监管机构对供电企业公平、无歧视开放供电市场的情况实施监管。《供电监管办法》第18、第35条。,zhjgfa20260116V4 - 副本.docx,structured,监管依据
"""用户受电工程“三指定”"" 的问题描述是什么？",供电企业利用用电报装权限，指定其关联企业为用户受电工程设计、施工和设备材料供应单位；报装时序倒置、供电方案缺失关键信息，涉嫌关联单位提前介入；业务办理中关联企业和社会企业执行的标准不统一，违规增设接网条件，提高设计、验收门槛，疑似“三指定”问题。,zhjgfa20260116V4 - 副本.docx,structured,问题描述
"""电压监测不规范，部分用户电压合格率偏低。"" 的印证资料包括哪些？",（1）用户受电端电压合格率、公司电压合格率相关规定文件； （2）定期开展供电质量的专项检查记录； （3）全量带地区供电负荷10（6）kV母线清单； （4）全量110千伏用户以及35千伏专线用户清单； （5）公司电压监测点系统清单、安装台账等； （6）用电设施产生谐波、冲击负荷用户台账及日常监测。,zhjgfa20260116V4 - 副本.docx,structured,印证资料
"""电压监测不规范，部分用户电压合格率偏低。"" 的整改措施是什么？",依据当前电网状况增设电压监测点，确保监测点数量、监测对象符合标准要求；全面复核D类监测点电压监测仪现场安装情况，确保监测仪安装在台区的首末端，监测仪安装规范、标识清晰准确；全面复核监测点台账，及时整改命名不准确、台账数据缺失或错误等问题；强化监测点、监测仪日常运维与问题处理，做好“监测-分析-评估”闭环管理，及时发现并处理监测点电压合格率下降的情况，确保不发生监测时长不足等问题。,zhjgfa20260116V4 - 副本.docx,structured,整改措施
"""电压监测不规范，部分用户电压合格率偏低。"" 的监管依据是什么？",电力监管机构对供电企业的供电质量实施监管。《供电监管办法》第7条、第8条、第34条。,zhjgfa20260116V4 - 副本.docx,structured,监管依据
"""电压监测不规范，部分用户电压合格率偏低。"" 的问题描述是什么？",未实时根据电网发展增设电压监测点；部分监测点设置不满足规范性要求；监测点监测数据缺失、电压合格率偏低等问题处理不够及时；监测点台账设置、监督装置校验、巡视等日常运维工作不到位。,zhjgfa20260116V4 - 副本.docx,structured,问题描述
"""电网事故应急处置不规范"" 的印证资料包括哪些？",（1）事故限电序位表及政府批复； （2）查询调度日志无限电记录； （3）跳闸报告； （4）设备检修停运计划； （5）用户停电联系函。 （二）可再生能源消纳保障机制落实方面,zhjgfa20260116V4 - 副本.docx,structured,印证资料
"""电网事故应急处置不规范"" 的整改措施是什么？",梳理停电、限电、中止供电全环节管理要求，修订完善标准化流程，明确各环节审批权限、操作规范、时限要求及责任主体。细化故障停电、有序限电等不同场景的处置流程，编制统一的操作手册与表单模板，确保各环节有章可循、有据可依。,zhjgfa20260116V4 - 副本.docx,structured,整改措施
"""电网事故应急处置不规范"" 的监管依据是什么？",电力监管机构对供电企业实施停电、限电或者中止供电的情况，以及实施电力需求侧管理进行监管。《供电监管办法》第13条、第34条。,zhjgfa20260116V4 - 副本.docx,structured,监管依据
"""电网事故应急处置不规范"" 的问题描述是什么？",对因电网发生故障或者电力供需紧张等原因需要停电、限电的，部分单位未按电力主管批准的有序用电方案或者事故应急处置方案执行。,zhjgfa20260116V4 - 副本.docx,structured,问题描述
"""自然垄断环节和竞争性环节界面不清晰"" 的印证资料包括哪些？",（1）《关于开展营销2.0账号权限清理工作的通知》（jz供营销传[2025]13号）； （2）《关于进一步加强营销2.0账号及访问权限管理的通知》（省传真[2025]55号）； （3）《关于开展营销2.0账号权限再清理及常用IP地址绑定工作的通知》（省传真[2025]118号）； （4）《GW湖北省电力有限公司关于印发营销专业信息系统账号权限管理工作指引的通知》（鄂电司营销〔2025〕25号）； （5）集体企业IP封禁访问营销2.0系统相关； （6）营销2.0系统账号权限申请流程管理印证； （7）营销2.0系统账号台账； （8）业扩报装竣工验收资料； （9）业扩报装会议通知及纪要等； （10）主辅人员岗位花名册。,zhjgfa20260116V4 - 副本.docx,structured,印证资料
"""自然垄断环节和竞争性环节界面不清晰"" 的整改措施是什么？",落实自然垄断环节独立运营和竞争性环节市场化改革要求，厘清“业务管理、信息系统、办公场所、人员岗位”四个界面，健全治理长效机制，推进关联企业在人员、财务、业务信息及办公地点等方面实现有效隔离，确保业务边界清晰。严格执行干部调整预审、人员借用审批流程，规范原集体企业及供电服务公司人力资源管理，组织开展人员混用专项抽查检查和问题整改“回头看”。督导供电服务公司坚决退出市场化业务，杜绝既从事供电服务、又承揽市场化工程情况。加强绩效考核管控，督促各单位不得对原集体企业设置市场化业务占有率等指标，不得在考核内容中要求所属单位协助原集体企业开展市场拓展、工程款清收等内容。实行营销2.0系统账号实名制认证、办公电脑IP地址绑定以及异地登录动态验证码管理。,zhjgfa20260116V4 - 副本.docx,structured,整改措施
"""自然垄断环节和竞争性环节界面不清晰"" 的监管依据是什么？",电力监管机构对供电企业公平、无歧视开放供电市场的情况实施监管。《供电监管办法》第18、第35条。,zhjgfa20260116V4 - 副本.docx,structured,监管依据
"""自然垄断环节和竞争性环节界面不清晰"" 的问题描述是什么？",存在供电企业与集体企业混合经营，人员交叉混岗，原集体企业人员违规介入业扩报装环节和违规使用营销2.0系统账号。供电企业对关联企业人财物全面统管或交叉任职，利用电网自然垄断优势，通过绩效考核、无偿划拨资产、输送利益等形式为关联企业提供系统性支撑，帮助关联企业“降本增效”。,zhjgfa20260116V4 - 副本.docx,structured,问题描述
"""诉求客户重复低电压未闭环治理"" 的印证资料包括哪些？",（1）《GWjz供电公司关于开展低电压工单闭环治理的通知》； （2）95598低电压投诉、意见工单明细表； （3）95598低电压意见工单督办单； （4）95598低电压投诉、意见工单整改印证资料； （5）2025年省公司通报jz重复诉求客户低电压280户清单明细以及整改印证资料； （6）《供电服务监管日报》中通报的低电压案例及整治情况。,zhjgfa20260116V4 - 副本.docx,structured,印证资料
"""诉求客户重复低电压未闭环治理"" 的整改措施是什么？",定期督办95598低电压投诉、意见工单，收集印证资料，确保客户合理诉求得到解决；建立诉求客户重复低电压清单，跟踪治理情况，定期收集整改印证资料，确保低电压工单闭环治理。对低电压典型问题纳入《供电服务监管日报》，跟踪治理质效，发布负面案例整改情况报告。,zhjgfa20260116V4 - 副本.docx,structured,整改措施
"""诉求客户重复低电压未闭环治理"" 的监管依据是什么？",电力监管机构对供电企业的供电质量实施监管。《供电监管办法》第7条，《供电营业规则》第7条。,zhjgfa20260116V4 - 副本.docx,structured,监管依据
"""诉求客户重复低电压未闭环治理"" 的问题描述是什么？",对客户反映的低电压问题未开展常态化、长效化整治。,zhjgfa20260116V4 - 副本.docx,structured,问题描述
"""转嫁会收取不合理费用"" 的印证资料包括哪些？",（1）35千伏及以上变电站接入一类业扩项目清单； （2）35千伏及以上变电站接入一类业扩项目回购台账及相关佐证； （3）35千伏及以上迁改项目台账、合同及招标资料； （4）变电站间隔数量及各电压等级未使用间隔台账。 四、配电部 （一）民生用电服务方面,zhjgfa20260116V4 - 副本.docx,structured,印证资料
"""转嫁会收取不合理费用"" 的整改措施是什么？",落实《发电企业投资建设新能源接网工程回购方案（变电间隔部分）》（鄂电司发展〔2025〕58号）要求，制定间隔回购清单和时间表，函询业主回购意愿，对业主同意电网企业回购的工程签订预回购意向书，力争到2026年底对具备条件的项目做到“应回购、尽回购、合规回购”。对变电站接入间隔运维费、杆塔租赁费等协商退费事宜。对于后续新增的站内设备，落实《GW湖北省电力有限公司35千伏及以上业扩配套电网项目实施方案》（鄂电司办〔2025〕25号）要求，由电网企业投资建设，做到同时施工、同时投产。,zhjgfa20260116V4 - 副本.docx,structured,整改措施
"""转嫁会收取不合理费用"" 的监管依据是什么？",电力监管机构对供电企业公平、无歧视开放供电市场的情况实施监管。《供电监管办法》第10条、第11条、第18条、第34条、第35条。,zhjgfa20260116V4 - 副本.docx,structured,监管依据
"""转嫁或收取不合理费用，回购进度缓慢。"" 的印证资料包括哪些？",（1）110kV及以上电压等级已送电用电户管理台账及资料档案； 已并网发电厂站管理台账及资料档案； 已并网储能项目管理台账及资料档案； 已并网6MW及以上分布式光伏管理台账及资料档案； （5）用电户、发电、储能及分布式光伏（业扩二类）回购清单及相关资料。,zhjgfa20260116V4 - 副本.docx,structured,印证资料
"""转嫁或收取不合理费用，回购进度缓慢。"" 的整改措施是什么？",落实《发电企业投资建设新能源接网工程回购方案（变电间隔部分）》（鄂电司发展〔2025〕58号）要求，制定间隔回购清单和时间表，函询业主回购意愿，对业主同意电网企业回购的工程签订预回购意向书，力争到2026年底对具备条件的项目做到“应回购、尽回购、合规回购”。严格执行《GW湖北省电力有限公司电源接入和电网互联前期工作管理实施细则》（鄂电司发展〔2025〕9号），超前储备需求、提速前期建设，落实业扩配套相关要求，确保变电站间隔及站内设备全部由公司投资建设。,zhjgfa20260116V4 - 副本.docx,structured,整改措施
"""转嫁或收取不合理费用，回购进度缓慢。"" 的监管依据是什么？",电力监管机构对供电企业公平、无歧视开放供电市场及办理用电业务的情况实施监管。《供电监管办法》第10条、第11条、第18条、第34条、第35条。,zhjgfa20260116V4 - 副本.docx,structured,监管依据
"""转嫁或收取不合理费用，回购进度缓慢。"" 的问题描述是什么？",供电企业在电源项目接入过程中，将应由自身承担的电网侧设备费用转嫁给发电企业。2025年以来，电网企业持续加大新能源项目送出工程建设力度，但对存量送出等工程的回购较为缓慢。,zhjgfa20260116V4 - 副本.docx,structured,问题描述
"""转嫁电网投资，增加用户成本。"" 的印证资料包括哪些？",（1）《关于印发清理规范城镇供水供电供气供暖行业收费促进行业高质量发展实施意见的通知》（鄂发改价格〔2021〕88号）； （2）《省能源局省住建厅省市场监管局关于印发湖北省城镇建设住宅和工商业电力设施建设指南的通知》（鄂能源调度〔2022〕16）； （3）《GWjz供电公司关于印发10千伏及以下业扩配套电网项目优化实施方案的通知》（鄂电司jz供〔2022〕31号）； （4）《GW湖北经研院关于GW湖北省电力有限公司2024 年新建住宅小区计量装置新装及调试项目可行性研究报告评审的意见》（电经研规评〔2024〕500号）； （5）《GW湖北经研院关于GW湖北省电力有限公司2025年新建住宅小区计量装置新装及调试项目可行性研究报告评审的意见》（电经研规评〔2025〕44号）； （6）分布式光伏并网项目台账； （7）新建小区台账； （8）回购台账及相关佐证。,zhjgfa20260116V4 - 副本.docx,structured,印证资料
"""转嫁电网投资，增加用户成本。"" 的整改措施是什么？",严格执行省侧《关于进一步明确用户侧计量装置出资方式的通知》（鄂电司营销〔2025〕6号），电能表、计量专用互感器由供电企业出资，在供电方案答复时同步告知用户供电企业出资的计量专用互感器设备参数，确保用户知晓出资政策。加强业扩接入环节管控和日常稽查，严查供电方案、供用电合同产权分界点等关键信息，全面规范分界开关、DTU、TTU等电网侧设备出资。落实省侧《关于进一步强化执行电力接入工程费用分担机制的通知》（鄂电司办〔2025〕26号）要求，深化政企协同，确保电力接入工程费用分担机制规范执行。建立回购台账，签订回购协议书，会同发展部按照“成熟一个、回购一个”依法合规推进。,zhjgfa20260116V4 - 副本.docx,structured,整改措施
"""转嫁电网投资，增加用户成本。"" 的监管依据是什么？",电力监管机构对供电企业履行电力社会普遍服务义务及电价政策和收费标准的的情况实施监管。《供电监管办法》第10条、第19条、第34条、第36条。,zhjgfa20260116V4 - 副本.docx,structured,监管依据
"""转嫁电网投资，增加用户成本。"" 的问题描述是什么？",部分单位存在用户工程或分布式光伏项目转嫁电网投资成本，违规收取不合格费用，增加用户成本；未严格执行电能表、互感器等计量装置由公司出资政策；转嫁电网投资设施回购机制不健全；红线外投资政策执行不到位。,zhjgfa20260116V4 - 副本.docx,structured,问题描述
"""转嫁电网投资，收取不合理费用。"" 的印证资料包括哪些？",（1）《GWjz供电公司关于印发10千伏及以下业扩配套电网项目优化实施方案的通知》（鄂电司jz供〔2022〕31号）； （2）10千伏以下低压业扩配套工程清单； （3）10千伏高压业扩配套工程清单； 业扩配套项目工程回购明细表及相关资料； 配网迁改项目完整台账； （6）迁改项目、业扩配套立项佐证文件（甲方相关申请）、招标文件、中标通知书及施工合同。,zhjgfa20260116V4 - 副本.docx,structured,印证资料
"""转嫁电网投资，收取不合理费用。"" 的印证资料包括哪些？",（1）提供专线用户《继电保护定值通知单》及定值报备资料。,zhjgfa20260116V4 - 副本.docx,structured,印证资料
"""转嫁电网投资，收取不合理费用。"" 的整改措施是什么？",制定间隔回购清单和时间表，函询业主回购意愿，对业主同意电网企业回购的工程签订预回购意向书，协助发展部2026年底对具备条件的项目做到“应回购、尽回购、合规回购”。对于后续新增10千伏间隔等配网设备，落实《GW湖北省电力有限公司关于印发10千伏及以下业扩配套电网项目优化实施方案的通知》（鄂鄂电司办〔2022〕13号）要求，核查供电方案、供用电合同产权分界点等关键信息，全面规范分界开关、DTU、TTU 等电网侧设备出资，由电网企业投资建设，做到同时施工、同时投产。,zhjgfa20260116V4 - 副本.docx,structured,整改措施
"""转嫁电网投资，收取不合理费用。"" 的整改措施是什么？",及时纠正执行偏差。对于擅自扩大用户侧继电保护装置、安全自动装置与电网侧继电保护方式的配合范围，或由用户承担电网侧继电保护装置、安全自动装置费用的情况进行排查、核实，按《发电企业投资建设新能源接网工程回购方案》 （鄂电司发展〔2025〕58 号），制定继电保护装置、安全自动装置回购清单和时间表，2026年实行回购继电保护、安全自动装置或退费。,zhjgfa20260116V4 - 副本.docx,structured,整改措施
"""转嫁电网投资，收取不合理费用。"" 的监管依据是什么？",电力监管机构对供电企业公平、无歧视开放供电市场的情况实施监管。《供电监管办法》第10条、第11条、第18条、第34条、第35条。,zhjgfa20260116V4 - 副本.docx,structured,监管依据
"""转嫁电网投资，收取不合理费用。"" 的监管依据是什么？",电力监管机构对供电企业履行电力社会普遍服务义务及电价政策和收费标准的的情况实施监管。《供电监管办法》第10条、第19条、第34条、第36条,zhjgfa20260116V4 - 副本.docx,structured,监管依据
"""转嫁电网投资，收取不合理费用。"" 的问题描述是什么？",存在转嫁10千伏及以下电网出资建设变电站接入间隔（含环网箱、开闭所、分解开关等）项目投资；违规投资新兴产业充电配套设施；10千伏迁改项目未按规定实施招标管理。存在虚假立项、重复投资或超标准建设等情况。,zhjgfa20260116V4 - 副本.docx,structured,问题描述
"""转嫁电网投资，收取不合理费用。"" 的问题描述是什么？",存在擅自扩大用户侧继电保护装置、安全自动装置与电网侧继电保护方式的配合范围；部分单位存在转嫁用户承担电网侧继电保护、违规收取保护定值整定费用等问题。,zhjgfa20260116V4 - 副本.docx,structured,问题描述
"""违规减免考核费用"" 的印证资料包括哪些？",新能源电厂“两个细则”考核全流程机制。 七、财务部,zhjgfa20260116V4 - 副本.docx,structured,印证资料
"""违规减免考核费用"" 的整改措施是什么？",按新版“两个细则”考核条款完善考核程序，建立考核计算、复核、审批、公示的全流程机制，确保“两个细则”考核规范执行。,zhjgfa20260116V4 - 副本.docx,structured,整改措施
"""违规减免考核费用"" 的监管依据是什么？",电力监管机构对供电企业履行电力社会普遍服务义务及电价政策和收费标准的的情况实施监管。《供电监管办法》第10条、第19条、第34条、第36条。,zhjgfa20260116V4 - 副本.docx,structured,监管依据
"""违规减免考核费用"" 的问题描述是什么？",新能源电厂未严格落实“两个细则”考核执行条款，考核执行流程不规范。,zhjgfa20260116V4 - 副本.docx,structured,问题描述
"""违规帮助“两高”“两违”项目申请用电"" 的印证资料包括哪些？",（1）《省经信委 省发改委 省物价局 华中电监局关于进一步规范新增高耗能项目用电业扩报装及差别电价审查工作的通知》(鄂经信电力〔2011〕330号)； （2）《关于进一步规范高耗能、高排放行业业扩报装管理的紧急通知》国家电网营销〔2011〕813号； （3）《关于开展业扩报装领域突出问题专项整治细化实施方案》（鄂电司纪发〔2023〕8号)； （4）《关于开展业扩报装领域突出问题专项整治细化实施方案》（鄂电司jz供纪发〔2023〕5号）； （5）“两违、两高”客户清单及相关资料； （6）新建小区业扩报装竣工资料； （二）电网企业利用自然垄断优势向上下游延伸方面,zhjgfa20260116V4 - 副本.docx,structured,印证资料
"""违规帮助“两高”“两违”项目申请用电"" 的整改措施是什么？",严把高耗能项目的业扩报装关，凡涉及8类高耗能行业新建项目，未经政府主管部门出具的书面审查意见，供电企业不得受理申请用电，确保合规高耗能企业(项目)正常投产。重点清查2024年以来大电量、负荷平均的大工业用电项目以及与报装容量类别容量不符或异常项目。严禁受理国有土地使用证、建设用地规划许可证、建设工程施工许可证等证照不全的新建住宅小区申请用电。,zhjgfa20260116V4 - 副本.docx,structured,整改措施
"""违规帮助“两高”“两违”项目申请用电"" 的监管依据是什么？",电力监管机构对供电企业执行国家有关节能减排和环境保护政策的情况实施监管。《供电监管办法》第24条、第34条。,zhjgfa20260116V4 - 副本.docx,structured,监管依据
"""违规帮助“两高”“两违”项目申请用电"" 的问题描述是什么？",存在违规受理国家明令禁止和限制的电解铝、铁合金、电池等“两高”（高耗能、高排放）项目的申请用电；违规帮助“两违”（违法占地、违法建设）项目申请用电；违规受理未履行节能审查或节能审查未通过即擅自开工建设项目的申请用电；未严格执行政府有关部门依法作出的对淘汰企业、关停企业或者环境违法企业采取停限电措施的决定。,zhjgfa20260116V4 - 副本.docx,structured,问题描述
"""重要电力用户检查及隐患告知、报备不规范。"" 的印证资料包括哪些？",（1）高危及重要客户管理标准化作业指导书； （2）《GWjz供电公司关于下达强化重要电力用户安全管理二十条措施的通知》（鄂电司jz供营销〔2024〕6号）； （3）关于整改jz市高危及重要客户用电安全隐患的请示； （4）关于确定jz市高危及重要电力用户名单的批复； （5）重要电力用户或自备应急电源基础档案台账。,zhjgfa20260116V4 - 副本.docx,structured,印证资料
"""重要电力用户检查及隐患告知、报备不规范。"" 的整改措施是什么？",开展重要电力日常监管。依照《用电检查规范》（GB T43456-2023）要求，对于检查发现的用电安全缺陷隐患，应现场开具《用电检查结果通知书》，由用户签字认可。严格规范隐患报备管理。对于检查发现的用电安全缺陷隐患，属地供电单位要及时函报属地政府主管部门。对重要电力用户供电方案答复提级管控。,zhjgfa20260116V4 - 副本.docx,structured,整改措施
"""重要电力用户检查及隐患告知、报备不规范。"" 的监管依据是什么？",电力监管机构对供电企业保障供电安全的情况实施监管。《供电监管办法》第9条、第34条。,zhjgfa20260116V4 - 副本.docx,structured,监管依据
"""重要电力用户检查及隐患告知、报备不规范。"" 的问题描述是什么？",建立重要电力用户或自备应急电源基础档案数据库不全；对重要电力日常监管不力；对发现用电设施存在安全隐患，部分单位未报备属地电力主管部门；对重要电力用户供电方案答复未按国家规定配置电源或自备应急电源。,zhjgfa20260116V4 - 副本.docx,structured,问题描述
10千伏及以下业扩配套适用范围有哪些？,10千伏及以下业扩配套电网项目，是指为满足客户新装、增容、“转改直”等业扩报装需求引起的10千伏及以下电业等级的公共电网（含变电站间隔、开闭所、环网箱、变压器、配电线路、用户分界开关、计量互感器等）新建或改造，由电网企业投资且在综合计划下达阶段未能对应项目明细的专项工程项目。（摘自鄂电司办〔2022〕13号）,业扩报装合规管理问答11112.docx,qa,
“三指定”主要表现形式有哪些？,（一）直接指定设计、施工、设备材料供应单位 （二）授意特定单位介入业扩报装环节 （三）设置供电方案答复门槛影响用户选择设计、施工 或设备材料供应单位 （四）设置审查、检验门槛影响用户选择设计、施工单位 （五）设置接电门槛影响用户选择施工单位 （六）指定特定单位代建政府工程或用户受电工程 （七）供电企业与原集体企业混同经营、人员交叉混岗 （八）超承载能力承揽用户受电工程。（摘自营销营商〔2025〕71 号）,业扩报装合规管理问答11112.docx,qa,
“三零”服务具体对象？以及办理时限要求？,全力支持民营经济发展壮大，将低压办“电零投资”扩大至160千瓦及以下各类民营经济组织，鼓励有条件的地区进一步提升低压接入容量上线。低压用户全过程办电时间，无电力外线工程的不超过5个工作日，有电力外线工程的不超过15个工作日。（摘自发改能源规〔2025〕624号）,业扩报装合规管理问答11112.docx,qa,
“转改直”用电主体投资界面如何界定？,1.存量园区、商业综合体、写字楼、小区底商。在城镇规划建设用地范围内，供电企业的投资界面应延伸至专用变压器高压进线开关（含终端计量装置）。,业扩报装合规管理问答11112.docx,qa,
与储备土地直接相关电力接入工程分担界面？,与储备土地直接相关的市政配套基础建设工程（以 下简称“储备土地项目”）费用按规定纳入土地开发支出，不得由供电企业负担。（储备土地项目是指通过出让或划拨等方式取得土地使用权的城镇规划建设用地范围内项目）。 新建居住区（包含拆迁换建，不含改造）电力接入工程范围为公共电网至居住区建筑区划红线内公共开关站、前置环网柜、分接箱等设备。园区及其他用户电力接入工程范围为公共电网至用户建筑红线外第一断路器（第一支持物）或用户建筑红线内分界开关站等设备。（摘自荆发改价格〔2023〕149号）,业扩报装合规管理问答11112.docx,qa,
与非储备土地项目相关电力接入工程分担界面？,除低压小微企业、储备土地项目以外的各电压等级 用户电力接入工程（以下简称“非储备土地项目”），电气工程由供电企业承担投资建设，土建工程由政府承担投资建设。电气工程包括供电电源的确定、不同电压等级用户接入方式、配电所及环网柜接线方式、设备选型等；土建工程包括项目用电所需的线路通道、电缆管沟廊道、设备及杆塔土建基础等市政配套基础设施的建设。,业扩报装合规管理问答11112.docx,qa,
什么是“三零”“三省”服务？,低压小微企业用电报装“三零”服务，即“零上门、零审批、零投资”。高压用电报装“三省”服务，即“省力、省时、省钱”。（摘自发改能源规〔2020〕1479号）,业扩报装合规管理问答11112.docx,qa,
什么是“四厘清、一强化”？,“四厘清：,业扩报装合规管理问答11112.docx,qa,
什么是用户受电工程行为“三指定”？,用户受电工程“三指定”行为是指供电企业直接、间接或者变相制定用户受电工程设计、施工和设备材料供应单位，限制或排斥其他单位的公平竞争。侵犯用户自由选择权的行为。 施工单位包括承装（修、试）电力设施单位和工程监理单位。设备材料供应单位包括材料供应商和设备材料生产厂家。（摘自国能发监管〔2020〕65 号）,业扩报装合规管理问答11112.docx,qa,
什么是电力接入工程，工程范围包括哪些？,电力接入工程是指2021 年3月1 日后通过出让或划拨取得土地使用权的城镇规划建设用地范围内项目，用户申请新装引起的用户外部接入工程。电力接入工程范围包括从用户建筑区划红线外（用户受电点）连接至公共电网（公共电网指10 千伏及以上供电接入点，含变电站、环网柜、开闭所、电杆、配电室等供配电设施）发生的入网工程建设，不包含用户提出的超标准报装或个性化需求专项服务。（摘自荆发改价格〔2023〕149号）,业扩报装合规管理问答11112.docx,qa,
供电企业与用户产权及运行维护范围是如何规定？,供电设施的运行维护管理范围，按照产权归属确定。产权归属不明确的，责任分界点按照下列各项确定： （一）公用低压线路供电的，以电能表前的供电接户线 用户端最后支持物为分界点，支持物属供电企业； （二）10（6、20）千伏以下公用高压线路供电的，以用户厂界外或配电室前的第一断路器或第一支持物为分界点，第一断路器或第一支持物属供电企业； （三）35 千伏以上公用高压线路供电的，以用户厂界外或用户变电站外第一基电杆为分界点，第一基电杆属供电 企业； （四）采用电缆供电的，本着便于维护管理的原则，分 界点由供电企业与用户协商确定； （五）产权属于用户且由用户运行维护的线路，以公用 线路分支杆或专用线路接引的公用变电站外第一基电杆为分界点，专用线路第一基电杆属用户。 在电气上的具体分界点，由供用双方协商确定。（摘自《供电营业规则》）,业扩报装合规管理问答11112.docx,qa,
供电方案答复时间是如何规定的？,供电企业对已受理的用电申请，应当尽快确定供电方案，在下列期限内正式书面通知用户：低压用户不超过三个工作日，高压单电源用户不超过十个工作日，高压双电源用户不超过二十个工作日。若不能如期确定供电方案时，供电企业应当向用户说明原因。用户对供电企业答复的供电方案有不同意见时，应当在一个月内提出意见，双方可以再行协商确定。用户应当根据确定的供电方案进行受电工程设计。（摘自《供电营业规则》）,业扩报装合规管理问答11112.docx,qa,
供电环节取消和免收费用项目有哪些？,取消供电企业及其所属或委托的安装工程公司在用电报装工程验收接入环节向用户收取的移表费、计量装置赔偿费、环境监测费、高压电缆介损试验费、高压电缆震荡波试验费、低压电缆试验费、低压计量检测费、互感器试验费、网络自动化费、配电室试验费、开闭站集资费、调试费等类似名目费用。（摘自国办函〔2020〕129号） 变电站间隔占用费、计量装置校验费、电力负荷管理终端设备费、临时接电费以及电卡补办工本费、复电费、更名过户费、保护定值计算费、电力客户设备接入电网时的带电作业费、交接试验费，以及余热、余压、余气自备电厂系统备用费及政策性交叉补贴。（摘自鄂价环资〔2018〕88号）、,业扩报装合规管理问答11112.docx,qa,
充电桩报装收集的材料有哪些？,1）自用桩报装材料包括：购车意向协议或购车发票、申请人有效身份证明、国定车位产权或一年以上（含一年）使用权证明、停车位（库）平面图或现场环境照片、物业出具（无物业管理小区由业委会和居委会出具）的同意安装充电桩的证明材料。 公用桩报装材料包括：企业营业执照、停车位平面图、产权人同意建设公用桩的证明、物业同意（无物业管理小区由业委会和居委会出具）的公用桩建设和施工方案等资料。（摘自发改能源[2016]1611号）,业扩报装合规管理问答11112.docx,qa,
办理用电报装需要哪些环节，及时限规定？,低压用户：2个（业务受理、装表接电），实行“三零”服务的低压用户全过程办电时间，无电力外线工程的不超过5 个工作日，有电力外线工程的不超过15 个工作日。 涉及10KV及以上公共电网升级改造的，供电企业应同步建设配套电网，及时保障用户用电需求；电网升级改造工期无法满足接电时限规定的，应明确工期完成时限，并报送国家能源局派出机构及地方能源（电力）主管部门备案。 高压单电源用户：6个6个（申请受理、供电方案答复、设计审查（重要用户）、中间检查（重要用户）、竣工验收、装表接电），全过程办电时间22个工作日。 高压双电源用户：6个（申请受理、供电方案答复、设计审查（重要用户）、中间检查（重要用户）、竣工验收、装表接电），全过程办电时间32个工作日。（摘自发改能源规〔2025〕624号）,业扩报装合规管理问答11112.docx,qa,
功率因数考核的标准值及其适用范围？,1）功率因数标准0.90，适用于160千伏安以上的高压供电工业用户（包括社队工业用户）、装有带负荷调整电压装置的高压供电电力用户和3200千伏安及以上的高压供电电力排灌站； 2）功率因数标准0.85，适用于100千伏安（千瓦）及以上的其他工业用户（包括社队工业用户），100千伏安（千瓦）及以上的非工业用户和100千伏安（千瓦）及以上的电力排灌站； 3）功率因数标准0.80，适用于100千伏安（千瓦）及以上的农业用户和趸售用户，但大工业用户未划由电业直接管理的趸售用户，功率因数标准应为0.85。（摘自（83）水电财字第215号文件）,业扩报装合规管理问答11112.docx,qa,
国家对计量装置等收费有什么规定？,严禁政府部门、相关机构对供水供电供气供暖计量装置强制检定收费；供水供电供气供热企业或用户自愿委托相关机构对计量装置进行检定的，按照“谁委托、谁付费”原则，检定费用由委托方支付，但计量装置经检定确有问题的，由供水供电供气供热企业承担检定费用，并免费为用户更换合格的计量装置。严禁向用户收取水电气热计量装置费用。任何单位代收供水供电供气供暖费时，严禁向用户加收额外费用。,业扩报装合规管理问答11112.docx,qa,
对于“转改直”用户要求有哪些？,对于具备独立产权的终端用户，经产权单位与供电公司协商，将供电设施一次性建设或改造，双方签订配电设施移交协议后整体移交供电企业。配电工程履行移交程序后，供电企业负责直接抄表、服务到户。 对不对于具备独立产权的终端用户，在满足固定区域国定且物理空间隔离、提供终端用户物理空间分割资料和相关权属证明的情况下。由产权单位将供配电设施一次性改造到位，签订配电设施移交协议后整体移交给供电企业，实现直抄到户。（摘自鄂能源调度〔2022〕16号）,业扩报装合规管理问答11112.docx,qa,
对于春灌秋收、炒茶烤烟、地摊夜市等临时性、流动性用电需求，应如何做？,供电企业应配合地方政府做好便民接电点规划建设，通过“扫码用电”等模式为群众提供免报装、快用电服务。,业扩报装合规管理问答11112.docx,qa,
对于用户新装（增装）受电工程执行标准如何规定？,用户新装、增装或改装受电工程的设计安装、试验与运行应当符合国家有关标准；国家尚未制定标准的，应当符合电力行业标准；国家和电力行业尚未制定标准的，应当符合省（自治区、直辖市）电力管理部门的规定和规程。（摘自《供电营业规则》）,业扩报装合规管理问答11112.docx,qa,
新建居住区供电设施有什么规定？,新建居住区供电方式应当符合国家相关政策要求及技术标准。新建居住区居民住宅供电设施应当按照一户一表标准进行建设。新建居住区的固定车位应当按照规定建设充电基础设施或预留安装条件，满足直接装表接电要求。居民自用充电桩用电按照国家相关政策要求及技术标准配置。 预留安装条件是指预留变压器容量，并将低压主干线、分支箱、低压分支线、集中表箱、电缆通道等表箱前电气和土建工程一次性建设到位，表箱后线缆通道建设至每一车位，预留好充电桩安装条件。（摘自《供电营业规则》）,业扩报装合规管理问答11112.docx,qa,
新建居住区供电设施配比系数是怎么规定的？,单台配变容量原则采用不超过800kVA，最大配变容量不宜超过1000kVA。低压供电线路供电半径不宜超过250m。住宅用电负荷的配比系数宜不小于0.5，公共设施用电负荷宜按1.0 系数配置。（摘自DL/T 5700-2014\GB/T 36040-2018） 居民住宅小区内车位宜按有序充电方式计算用电负荷，每个充电桩宜按7kW 计算，专用固定车位同时系数一般选0.3，公共车位同时系数一般选0.4。居民小区内充电设施全部采用有序充电或V2G 模式的，负荷计算中的系数可取0.2。(摘自鄂电司营销〔2023〕8号),业扩报装合规管理问答11112.docx,qa,
新建居民住宅小区供电设施电源建设要求？,新建居民住宅小区供电设施应当按照国家相关政策要求及技术标准进行建设。其中： （一）高层小区一级负荷应当采用双重电源供电；特级 负荷除双重电源供电外，还应增设应急电源供电，并严禁将 其他负荷接入应急供电系统；二级负荷宜采用双回线路供电； 新建居民住宅小区应当合理规划确定配用电设施位置，满足防洪防涝相关要求，设置应急移动电源接口。（摘自《供电营业规则》、GB 55024-2022） 住宅小区一级负荷，一般包括一类高层住宅建筑中的安全防范系统、航空障碍照明、值班照明、警卫照明、客梯、排水泵、生活供水泵等。其中，高度150 米及以上的一类高层住宅建筑中的安全防范系统、航空障碍照明等为特级负荷。（摘自《供电营业规则》）,业扩报装合规管理问答11112.docx,qa,
用户侧计量装置出资方式是如何规定的？,电能表出资：高压新装或增容电能表，低压零散新装或增容电能表及表箱，分布式电源新装或增容电能表及表箱，由公司出资。新住配工程电能表，由公司出资，按2024年6月1日及以后正式答复供电方案时间执行。具备“一户一表”改造条件的非电网直供用户，按照“一次性建设或改造、整体移交”原则，终端用户电能表由公司出资。 互感器出资：零散新装或增容、分布式电源新装或增容、新住配工程、“一户一表”改造等配套的低压互感器， 由公司出资。高压新装或增容涉及10（20）千伏计量专用互感器由公司出资。 35千伏及以上互感器通常纳入高压用户成套设备一并设计、采购，对用户成套设备中符合国家标准要求的自备互感器，经计量检定合格后可作为计费互感器。 安装调试费用：计量装置的采购、安装、调试费由同一主体投资。（摘自鄂电司营销〔2025〕6号）,业扩报装合规管理问答11112.docx,qa,
用户在用电报装受理环节需提供哪些材料？,用户申请新装或增容时，应当向供电企业提供以下申请资料： （一）低压用户需提供用电人有效身份证件、用电地址物权证件；居民自用充电桩需按照国家有关规定提供相关材料； （二）高压用户需提供用电人有效身份证件、用电地址 物权证件、用电工程项目批准文件、用电设备清单，国家政 策另有规定的，按照相关规定执行。（摘自《供电营业规则》）,业扩报装合规管理问答11112.docx,qa,
用户在电网高峰负荷时的功率因数的规定？,100 千伏安以上高压供电的电力用户，在高峰负荷时段的功率因数不宜低于0.95；其他电力用户和大、中型电力排灌站，功率因数不宜低于0.85；农业用电功率因数不宜低于0.80。在低谷时段不应向电网返送无功。（摘自GB/T43025-2023） 凡功率因数不能达到上述规定的新用户，供电企业可以拒绝接电。对已送电的用户，供电企业应当督促和帮助用户 采取措施，提高功率因数。对在规定期限内仍未采取措施达到上述要求的用户，供电企业可以中止或限制供电。功率因 数调整电费办法按照国家规定执行。（摘自《供电营业规则》）,业扩报装合规管理问答11112.docx,qa,
用户工程竣工验收需要提供哪些资料及规定？,用户受电工程施工、试验完工后，应当向供电企业提出竣工检验申请，并提供工程竣工报告。报告应当包括： （一）施工、试验单位资质证明材料： （二）工程竣工图及说明； （三）电气试验及保护整定调试记录； （四）安全用具的试验报告； （五）隐蔽工程的施工及试验记录； （六）运行管理的有关规定和制度； （七）值班人员名单及资格； （八）供电企业认为必要的其他资料或记录。 供电企业接到用户的受电装置竣工报告及检验申请后，应当及时组织审核竣工资料，对投运后可能影响公共电网安全运行的涉网设备进行检验。对检验不合格的，供电企业应当一次性向用户提出书面意见。用户应当按照书面意见予以整改，直至合格。单次检验时间不超过三个工作日。检验合格后，供电企业应当与用户协商确定装表接电时间，装表接电时间不超过三个工作日。（摘自《供电营业规则》）,业扩报装合规管理问答11112.docx,qa,
用户申请临时用电有哪些规定？,对基建工地、农田水利、市政建设等非永久性用电，可以供给临时电源。临时用电期限一般不得超过三年，如需办理延期的，应当在到期前向供电企业提出申请；逾期不办理延期或永久性正式用电手续的，供电企业应当终止供电。使用临时电源的用户不得向外转供电，不得私自改变用电类别，供电企业不受理除更名、过户、销户、变更交费方式及联系人信息以外的变更业务。临时用电不得作为正式用电使用，如需改为正式用电，应当按照新装用电办理。（摘自《供电营业规则》）,业扩报装合规管理问答11112.docx,qa,
用户红线外工程及新建住宅供电配套工程是怎么规定的，执行时间是怎么规定的？,自2021年3月1日起，在城镇规划建设用地范围内，供水供电供气供热企业的投资界面应延伸至用户建筑区划红线，除法律法规和相关政策另有规定外，不得由用户承担建筑区划红线外发生的任何费用。新建商品房、保障性住房等建筑区划红线内供水供电供气供暖管线及配套设备设施的建设安装费用统一纳入房屋开发建设成本，不得另外向买受人收取；投入使用后，可依法依规移交给供水供电供气供热企业实行专业化运营管理，相关运行维护等费用纳入企业经营成本。（摘自国办函〔2020〕129号）,业扩报装合规管理问答11112.docx,qa,
省侧对“三零”出资界面是如何界定的？,采用低压方式供电的，以电能表为投资分界点，分界点电源侧供电设施（含电能表）由供电公司出资建设，分界点负荷侧受电设施由客户自行建设。对通信基站、交通信号灯、监控设备、路灯（景观灯）等批量用电项目以及基建工地、农田水利、市政建设等非永久性用电项目，供电公司可在不延伸公用供电设施的条件下就近供电，电能表安装位置应靠近电源侧；其他所有低压报装用电项目，由供电公司出资建设至客户规划用地红线，电能表安装位置尽可能靠近客户侧。,业扩报装合规管理问答11112.docx,qa,
省侧对“三零”政策具体执行范围？,低压“零费用”接入范围公司范围内所有居民用户和报装容量100千瓦及以下的非居民用电报装，以低压方式供电“零费用”接入。除政府部门、公共服务及管理组织和国有大中型企业外的所有取得工商营业执照的小微企业用电，低压接入容量放宽至160千瓦。（摘自鄂电司营销〔2022〕51号）,业扩报装合规管理问答11112.docx,qa,
确定用户用电电压等级的一般要求有哪些？,用户的供电电压等级应根据当地电网条件、用户分级、用电最大需量或受电设备总容量，及远期规划需求容量，经过技术经济比较后确定，供电电业等级见附表表1 10KV及以上电压等级供电的用户，当单回路电源线路容量不满足负荷需求且附近无上一及电压等级供电时，可合理增加供电回路数，采取多回路供电。（摘自GB/T43025-2023）,业扩报装合规管理问答11112.docx,qa,
营商环境三个一批是什么？到2029年建成哪“五化”？,三个一批是指：打造一批具有较强国际竞争优势的用电营商环境一流城市，建设一批具有引领示范作用的用电营商环境先进地区，发展一批具有区域影响力的用电营商环境特色城镇和乡村。五化是指：基本建成办电便捷化、供电高质化、用电绿色化、服务普惠化、监管协同化。,业扩报装合规管理问答11112.docx,qa,
重要电力用户是如何界定的？,重要电力用户是指国家或者地区（城市）的社会、政治、经济生活中占有重要地位，供电中断将可能造成人身伤亡、较大环境污染、较大政治影响、较大经济损失、社会公共秩序严重混乱的用电单位或供电可靠性有特需要求的用电场所。重要电力用户的认定按电力安全事故应急处置和调查处理条例要求，由县级以上地方政府电力主管部门组织供电企业和用户统一开展，采取一次认定，每年审核新增和变更的重要电力用户。（摘自GB/T2938-2018）,业扩报装合规管理问答11112.docx,qa,
高压供电方案的有效期是如何规定的？,高压供电方案的有效期为一年，低压供电方案的有效期为三个月。用户应当在有效期内依据供电方案开工建设受电工程，逾期不开工的，供电方案失效。用户遇有特殊情况，需延长供电方案有效期的，应当在有效期到期前十日向供电企业提出申请，供电企业应当视情况予以办理延长手续，但延长时间不得超过前款规定期限。 开工建设是指高压用户完成受电工程设计，签订施工合同和设备采购合同，并进场实施；低压用户受电装置开始进场安装。（摘自《供电营业规则》）,业扩报装合规管理问答11112.docx,qa,
高压供电的用户工程设计需要提供哪些资料？,高压供电的用户应当提供设计单位资质证明材料、受电工程设计及说明书，一式两份送交供电企业。其中受电工程设计及说明书应当包括： （一）用电负荷分布图； （二）负荷组成、性质及保安负荷； （三）主要电气设备一览表； （四）影响电能质量的用电设备清单； （五）节能篇及主要生产设备、生产工艺耗电以及允许中断供电时间； （六）高压受电设施一、二次接线图与平面布置图； （七）用电功率因数计算及无功补偿方式； （八）继电保护、过电压保护及电能计量装置的方式； （九）隐蔽工程设计资料； （十）配电网络布置图； （十一）自备应急电源及接线方式。 （摘自《供电营业规则》）,业扩报装合规管理问答11112.docx,qa,
高可靠性收费标准及适用范围？,对于申请新装及增容用电容量的两路及以上多回路供电（含备用电源和保安电源）用电户，除供电容量最大的供电回路外，对其余供电回路应当收取高可靠性费用。应纳入高可靠性供电收费范围的从用户建筑区划红线连接至公用供电线路（含变电站、开闭所、环网箱、线路T接杆塔等）的电力接入工程，由供电企业或地方政府投资建设的，执行“非用户自建”标准；其他情况下均执行“用户自建”标准。利用架空线和地下电缆混合供电的，按照和线路长度加权平均计算高可靠性费用。（摘自鄂发改价管〔2025〕）72),业扩报装合规管理问答11112.docx,qa,
“可观、可测、可调、可控”的四可技术要求具体内容是什么？,可观：分布式光伏发电项目的运行状态可被实时监控，包括设备性能、环境参数、电力输出等关键数据。 可测：分布式光伏发电项目对发电功率、电压、电流等数据具备准确测量能力。 可调：分布式光伏发电项目可根据电网负荷需求调节电站的有功/无功功率输出。 可控：确保分布式光伏发电项目可被电网远程或自动化控制。,分布式光伏管理基础问答45问45答（根据政策文件更新）.docx,qa,
“申请接入电网”是指什么时间？,收到分布式光伏发电项目并网意向书后，电网企业需要以分布式光伏发电接入电网承载力及提升措施评估结果为依据，出具并网意见。对于允许并网的项目，需要预留合理的电网承载力裕度，保障其能按期并网。可开放容量不足时，应以资料符合要求的分布式光伏发电项目并网意向书受理时间为准，按顺序做好登记。,分布式光伏管理基础问答45问45答（根据政策文件更新）.docx,qa,
一般工商业、大型工商业分布式光伏发电项目申请并网需要提供哪些资料？,（1）项目投资主体营业执照； （2）项目备案证明文件； （3）发电地址权属及红线范围证明（不动产权证、土地证或宅基地证、乡镇及以上政府出具的房屋产权证明等有效证明）； （4）利用非自有场所建设的，还需提供合同能源管理协议或发电地址租赁协议； （5）申请户名一致的银行卡卡号、开户行、联行号等资料。,分布式光伏管理基础问答45问45答（根据政策文件更新）.docx,qa,
一般工商业分布式光伏可以采用哪种上网模式？,一般工商业分布式光伏可选择全部自发自用或者自发自用余电上网模式；采用自发自用余电上网的，年自发自用电量占发电量的比例，由各省级能源主管部门结合实际确定。,分布式光伏管理基础问答45问45答（根据政策文件更新）.docx,qa,
三者是什么关系？,分布式光伏发电项目装机容量指项目并网投产后的交流侧容量，分布式光伏发电项目交流侧容量不得大于备案容量。,分布式光伏管理基础问答45问45答（根据政策文件更新）.docx,qa,
与用电主体是否必须一致?,《管理办法》第四条明确，大型工商业分布式光伏是指利用建筑物及其附属场所建设，接入用户侧电网或者与用户开展专线供电（不直接接入公共电网且用户与发电项目投资方为同一法人主体）……。其中，不直接接入公共电网且用户与发电项目投资方为同一法人主体特指与用户开展专线供电的大型工商业分布式光伏；对于接入用户侧电网且与公共电网有连接点的大型工商业分布式光伏，用户与发电项目投资方可以不是同一法人主体。,分布式光伏管理基础问答45问45答（根据政策文件更新）.docx,qa,
为什么要建立可持续发展价格结算机制？,新能源发电具有随机性、波动性、间歇性，特别是光伏发电集中在午间，全面参与市场交易后，午间电力供应大幅增加，价格明显降低，晚高峰电价较高时段光伏又几乎没有出力，导致实际收入可能大幅波动。 为解决此问题，国家在推动新能源全面参与市场的同时，创新建立了新能源可持续发展价格结算机制，对纳入机制的电量（简称机制电量），按照设定的结算价格（简称机制电价）“多退少补”，确保新能源经营主体拥有合理的收益预期，促进行业平稳健康发展，助力“双碳”目标实现。,分布式光伏管理基础问答45问45答（根据政策文件更新）.docx,qa,
什么是光伏发电？什么是分布式光伏发电？,光伏发电是指利用太阳能电池把太阳辐射能直接转换为电能的发电方式。光伏发电按照项目开发建设管理方式不同分为集中式光伏电站和分布式光伏发电两种。 分布式光伏发电是指在用户侧开发、在配电网接入、原则上在配电网系统就近平衡调节的光伏发电设施。,分布式光伏管理基础问答45问45答（根据政策文件更新）.docx,qa,
什么是分布式光伏发电项目的“并网点”？,根据《光伏发电系统接入配电网技术规定》，分布式光伏发电项目与公共电网的连接点是指光伏发电系统接入公共电网的连接处；对于有升压站的分布式光伏发电系统，其并网点是升压站高压侧母线或节点，对于无升压站的分布式光伏发电系统，其并网点是输出汇总点。 两者关系如下图所示。,分布式光伏管理基础问答45问45答（根据政策文件更新）.docx,qa,
什么是自然人户用、非自然人户用分布式光伏？如何区分？,自然人户用分布式光伏是指自然人利用自有住宅、庭院投资建设，与公共电网连接点电压等级不超过380伏的分布式光伏。非自然人户用分布式光伏是指非自然人利用居民住宅、庭院投资建设，与公共电网连接点电压等级不超过10千伏（20千伏）、总装机容量不超过6兆瓦的分布式光伏。 自然人户用和非自然人户用分布式光伏的共同点主要是建设场所（居民住宅、庭院）性质基本一致。两者最主要的区别是投资主体不同，自然人户用分布式光伏投资主体必须是自然人，非自然人户用分布式光伏的投资主体是非自然人；其次是最高接 入电压等级不同，自然人户用分布式光伏只能接入不超过380伏电压等级的公共电网，非自然人户用分布式光伏允许接入相对较高电压等级的公共电网。,分布式光伏管理基础问答45问45答（根据政策文件更新）.docx,qa,
伏？如何区分？,一般工商业分布式光伏是指利用党政机关、学校、医院、市政、文化、体育设施、交通场站等公共机构以及工商业厂房等建筑物及其附属场所建设，与公共电网连接点电压等级不超过10千伏（20千伏）、总装机容量原则上不超过6兆瓦的分布式光伏。大型工商业分布式光伏是指利用建筑物及其附属场所建设，接入用户侧电网或者与用户开展专线供电（不直接接入公共电网且用户与发电项目投资方为同一法人主体），与公共电网连接点电压等级为35千伏、总装机容量原则上不超过20兆瓦或者与公共电网连接点电压等级为110千伏（66千伏）、总装机容量原则上不超过50兆瓦的分布式光伏。 一般工商业和大型工商业分布式光伏的主要区别是接入电压等级不同，一般工商业分布式光伏与公共电网连接点电压等级不超过10千伏（20千伏），大型工商业分布式光伏与公共电网 连接点电压等级为35千伏或110千伏（66千伏）；其次装机容量上限不同，一般工商业分布式光伏总装机容量原则上不超过6兆瓦，大型工商业分布式光伏装机容量上限更高。,分布式光伏管理基础问答45问45答（根据政策文件更新）.docx,qa,
入电网工作包括哪些流程？,分布式光伏发电项目备案主体是接入电网工作的申请主体。按照先后顺序，分布式光伏发电项目接入电网流程主要包括并网意向提交、受理及回复，接入系统设计方案编制、提交、受理及回复，接网工程可研与核准（备案），协议（合同）签订、并网验收和调试运行等。其中，对于公共连接点电压等级380V及以下的自然人户用、非自然人户用及一般工商业分布式光伏，电网企业免费制订接入系统方案。,分布式光伏管理基础问答45问45答（根据政策文件更新）.docx,qa,
分布式光伏上网电费结算有什么要求？,项目投资主体（客户）与电网企业按照购售电合同开展上网电费结算。电费结算有关事项在购售电合同中予以明确，并按照国家相关政策规定执行。 分布式光伏发电项目由购电方根据双方确认的上网电费账单并按照双方确定的协议规定周期（原则上为自然月）结算支付上网电费。非自然人分布式光伏由购电方向售电方开具上网电费账单，分布式光伏发电按自然月抄表，抄表例日为每月1日，抄表数据为月末最后一天24时电能表冻结数据。抄表周期和抄表例日不允许变更。参与市场化交易的应按照市场规则要求开展抄表结算。自然人分布式光伏由购电方每月8日前完成全量发票开具。非自然人分布式光伏根据双方确认的上网电费账单，由售电方每月20日前足额开具增值税发票送达至购电方。购电方于每月20个工作日内，一次性全额支付本期分布式光伏上网电费。,分布式光伏管理基础问答45问45答（根据政策文件更新）.docx,qa,
分布式光伏发电有哪几种上网模式？,分布式光伏发电的上网模式包括全额上网、全部自发自用、自发自用余电上网三种。 自发自用余电上网是指分布式光伏发电所发电量优先满足自己使用，不足的部分从公共电网补充，多余的部分全部流入公共电网；全部自发自用是指分布式光伏发电所发电量满足自己使用，不足的部分从公共电网补充，但不允许多余的部分流入公共电网；全额上网是指分布式光伏发电所发电量全部流入公共电网。,分布式光伏管理基础问答45问45答（根据政策文件更新）.docx,qa,
分布式光伏发电有哪几种类型？,分布式光伏发电分为自然人户用、非自然人户用、一般工商业和大型工商业四种类型。,分布式光伏管理基础问答45问45答（根据政策文件更新）.docx,qa,
分布式光伏发电项目业务变更有哪些形式？,分布式光伏发电项目投资主体可办理更名、过户、增容、减容等业务前，应重新办理项目备案证，按照新备案内容按规定流程办理变更业务。更名、过户及上网模式变更，由项目投资主体自行完成项目备案变更后办理，并重新签订购售电合同及其它协议。,分布式光伏管理基础问答45问45答（根据政策文件更新）.docx,qa,
分布式光伏发电项目并网验收包括哪些流程？,分布式光伏发电项目竣工后，项目备案主体向电网企业提出并网验收和调试申请，并提供涉网设备检测认证报告、工程建设和试验情况等相关资料。资料符合要求并经现场查验合格后，电网企业同步开展并网调试、计量装置安装等工作。项目并网检验通过，电网企业出具并网检验（验收）意见单，项目即完成并网验收。,分布式光伏管理基础问答45问45答（根据政策文件更新）.docx,qa,
分布式光伏发电项目建设依据的相关标准规范主要有哪些？,目前已经发布的分布式光伏发电国家标准和能源行业标准约20项，涉及分布式光伏发电工程装备制造、工程设计、施工安装、工程验收、并网接入、运行维护等各主要环节，主要包括《分布式光伏发电系统工程技术规范》NB/T11422、《分布式光伏发电系统集中运维技术规范》GB/T38946、《分布式光伏发电低压并网接口装置技术要求》NB/T10204、《分布式光伏发电系统远程监控技术规范》GB/T34932、《户用分布式光伏发电并网接口技术规范》GB/T33342、《建筑光伏系统应用技术标准》GB/T51368等。,分布式光伏管理基础问答45问45答（根据政策文件更新）.docx,qa,
分布式光伏档案管理有什么要求？,分布式光伏发电项目并网投产后，要配合地方能源主管部门在一个月内完成国家可再生能源项目信息管理平台上的项目建档立卡填报工作，其中，自然人户用分布式光伏发电项目，由业务人员负责填报；非自然人户用、一般工商业、大型工商业分布式光伏发电项目，由项目投资主体负责填报。 按照“谁办理、谁提供、谁负责”的原则，业务人员在分布式光伏发电项目并网后3个工作日内，完成项目档案资料收集、整理及核对归档工作，并同步上传至营销系统，实现档案电子化、数字化。,分布式光伏管理基础问答45问45答（根据政策文件更新）.docx,qa,
办理相关变更业务有哪些要求？,（一）更名业务管理 （1）办理条件 如项目投资主体、建设地点、装机容量、上网模式不变，仅 客户名称发生变化的，应按照更名业务流程办理。 （2）收资要求 自然人户用分布式光伏更名需提供以下资料：更户申请表、有效身份证明、发电地址权属证明、备案证明、公安机关出具的个人更名证明、银行账户信息等。 其他类型分布式光伏更名需提供以下资料：更户申请表、变更后的营业执照、工商登记变更证明、备案证明、银行账户信息、法人有效身份证明等材料。利用非自有场所建设的，还需提供合同能源管理协议或发电地址租赁协议。由经办人办理的，还需提供经办人有效身份证明、授权委托书。 （二）过户业务管理 （1）办理条件 若项目建设地点、装机容量、上网模式不变，项目投资主体或发电地址权属等发生变化的，应按照过户业务流程办理。其中自然人户用分布式光伏发电项目过户应满足建筑产权、发电户、用电户等权属匹配。 （2）收资要求 自然人户用分布式光伏过户需提供以下资料：过户申请表、变更后的备案证、光伏项目产权转让协议、过户双方有效身份证明、房屋产权证明、银行账户信息。如光伏扶贫项目需要过户，还需提供政府主管部门出具的光伏扶贫项目变更确认证明。 其他类型分布式光伏过户需提供以下资料：过户申请表、变更后的备案证、过户双方有效身份证明（含营业执照、法定代表人有效身份证明）、光伏项目产权转让协议、银行账户信息等。利用非自有场所建设的，还需提供合同能源管理协议或发电地址租赁协议。由经办人办理的，还需提供经办人有效身份证明、授权委托书。 （三）上网模式变更业务管理 （1）办理条件 客户因电力用户负荷、经营状况等情况发生变化，需调整上 网模式的，可办理上网模式变更业务，但仅可变更一次。 （2）收资要求 自然人户用分布式光伏项目申请变更上网模式，需提供以下资料：分布式光伏其他业务申请表、变更后的备案证、发电户有效身份证明、房产证（或乡镇及以上政府出具的房屋使用证明）、国家扶贫项目应提供扶贫项目相关证明文件等。 其他类型分布式光伏项目申请变更上网模式，需提供以下资料：分布式光伏其他业务申请表、企业法人营业执照或组织机构代码证、法人代表身份证明等发电主体资格证明、发电地址权属证明等项目合法性支持性文件、备案变更文件、合同能源管理项目需提供合同能源管理协议、国家扶贫项目应提供扶贫项目相关证明文件等。,分布式光伏管理基础问答45问45答（根据政策文件更新）.docx,qa,
千伏或者6千伏接入用户电网？,与公共电网连接点电压等级为110千伏的属于大型工商业分布式光伏，对于园区内部建设的分布式光伏发电项目，在保证总装机容量原则上不超过50兆瓦的前提下，可通过多点方式分散接入用户侧内部电网。,分布式光伏管理基础问答45问45答（根据政策文件更新）.docx,qa,
各类型分布式光伏发电项目应与电网企业签订哪些合同？,对于采取自发自用余电上网模式的分布式光伏发电项目，项目投资主体应当在并网投产前与电网企业签订购售电合同，对于采取全额上网模式的分布式光伏发电项目，应与电网企业同步签订购售电合同和供用电合同。对于各类型分布式光伏发电项目，项目投资主体均应当在并网投产前与电网企业及其调度机构签订《并网调度协议》。,分布式光伏管理基础问答45问45答（根据政策文件更新）.docx,qa,
哪些分布式光伏发电项目应具备“四可”能力？,新建的各类型分布式光伏发电项目均应当实现“可观、可测、可调、可控”，提升分布式光伏发电接入电网承载力和调控能力。对于存量具备条件的分布式光伏发电项目，电网企业、分布式光伏发电项目投资主体应当根据产权分界点，加大投资建设改造力度，提升信息化、数字化、智能化水平，以实现“可观、可测、可调、可控”，保障分布式光伏发电高效可靠利用和电力系统安全稳定运行。,分布式光伏管理基础问答45问45答（根据政策文件更新）.docx,qa,
国家认可的涉网性能检测认证机构有哪些？,涉网设备必须符合国家及行业有关涉网技术标准规范等要求，通过国家认可的检测认证机构检测认证。投资主体按照涉网安全管理相关政策文件要求提供的涉网性能型式试验报告等，应由具备CNAS/CMA资质（中国合格评定国家认可委员会认可或中国计量认证）或同等资质能力的第三方机构出具。,分布式光伏管理基础问答45问45答（根据政策文件更新）.docx,qa,
大型工商业分布式光伏可以采用哪种上网模式？,大型工商业分布式光伏原则上只能选择全部自发自用模式；在电力现货市场连续运行地区，大型工商业分布式光伏可采用自发自用余电上网模式参与现货市场。根据《省能源局关于湖北电力现货市场转正式运行的通知》（鄂发改能源[2025]146号）2025年6月6日起，湖北电力现货市场转入正式运行。,分布式光伏管理基础问答45问45答（根据政策文件更新）.docx,qa,
如何参与？,《关于深化新能源上网电价市场化改革促进新能源高质量发展的通知》（发改价格〔2025〕136号）明确，并网时间2025年6月1日后的所有新能源项目（包括分布式光伏发电）上网电量原则上需全部进入电力市场，电价通过市场交易形成。交易方式包括中长期交易、现货交易等。《省发改委 省能源局关于印发湖北省深化新能源上网电价市场化改革促进新能源高质量发展实施方案的通知》（鄂发改价格[2025]222号）于8月21日印发，今年湖北省已开展首次分布式光伏增量项目竞价工作。,分布式光伏管理基础问答45问45答（根据政策文件更新）.docx,qa,
如果总申报电量不足或最后报价相同的项目过多，会如何处理？,若所有项目申报电量总和小于竞价规模，则全部申报电量纳入机制电量。当出清点存在多个边际项目时，按其申报电量比例分配剩余电量。 若边际项目入选电量不足其申报电量的25%，则取消其中标资格，机制电价以前一入选项目的申报价格确定。此举旨在保障边际项目合理收益，避免入选比例过低问题。被取消资格的项目可参与后续增量项目竞价，保留其竞争资格。,分布式光伏管理基础问答45问45答（根据政策文件更新）.docx,qa,
对于客户的备案证核查应该注意哪些事项？,目前各级发改部门在批准项目备案时，只要提供相关资料就审批，不进行现场勘查，各单位在收到项目备案证后，应首先经过湖北省投资项目在线审批监管平台4.0系统进行真伪核实。如发现备案证伪造、私自修改关键信息的情况，终止受理，并向属地能源主管部门报告。若存在同一用地红线范围内，同一用电户多个备案证或以与现场实际情况不符等情况应现场取证及时向属地能源主管部门汇报，不得违规并网。,分布式光伏管理基础问答45问45答（根据政策文件更新）.docx,qa,
差别？可以采用哪几种上网模式？,自然人户用、非自然人户用分布式光伏的上网模式没有差别，均可选择全额上网、全部自发自用或者自发自用余电上网模式中的一种。,分布式光伏管理基础问答45问45答（根据政策文件更新）.docx,qa,
所应当位于同一用地红线范围内。如果同一用地红线范围内有多个建筑物，每个建筑物有独立的产权证，在这些建筑物上建设分布式光伏发电项目，是按照1个项目建设，还是按照多个项目建设？,同一用地红线范围内的多个建筑物，如果均对应同一用电户号，应按照1个分布式光伏发电项目建设，如果对应多个用电户号，可按照多个分布式光伏发电项目建设。,分布式光伏管理基础问答45问45答（根据政策文件更新）.docx,qa,
按照与公共连接点电压等级和类型接入系统方案设计工作如何开展？,对公共连接点电压等级为380/220伏的自然人户用、非自然人户用及一般工商业分布式光伏项目，由电网企业免费提供接入系统方案，于并网意向受理后10个工作日内出具《自然人户用分布式光伏发电项目接入系统方案答复单》，并由项目投资主体签字确认。对公共连接点为10千伏及以上的非自然人户用、一般工商业和大型工商业分布式光伏项目应开展接入系统设计工作，由项目投资主体委托具有相应资质的设计单位开展接入系统设计。对备案证明确分期实施的项目，应一次性整体完成接入系统设计方案报告。,分布式光伏管理基础问答45问45答（根据政策文件更新）.docx,qa,
据什么原则出具并网意向受理意见？,对于投资主体相同、备案机关相同、单个项目的建设场所、规模及内容明确的非自然人户用分布式光伏，允许合并备案并分别接入电网。电网企业根据项目投资业主提交的并网意向书所涵盖的项目，向项目投资业主统一回复并网意向受理书面意见；对于合并备案但分批次提交并网意向的项目，电网企业分别受理并网意向，并开展后续电网接入有关工作。,分布式光伏管理基础问答45问45答（根据政策文件更新）.docx,qa,
接入系统方案设计报告研究答复有什么时限要求？,各单位受理的公共连接点为10千伏及以上，装机容量400kW以上的一般工商业和大型工商业分布式光伏接入系统设计方案报告后，由市供电公司发展部组织营销、配电、调度等部门，并会同项目投资主体和有关专家召开接入系统设计方案报告专题研讨会，会后出具《分布式光伏发电项目接入系统设计方案报告研究答复单》，并由项目投资主体签字确认。10千伏、35千伏分布式光伏项目应当于10个工作日内答复意见，110 千伏分布式光伏项目应当于20个工作日内答复意见。,分布式光伏管理基础问答45问45答（根据政策文件更新）.docx,qa,
新能源上网电价改革如何区分存量项目和增量项目？,新能源具有固定投资成本占比大、变动成本占比小的特点，随着新能源技术进步、造价持续降低，新老项目经营成本差异较大，改革必须平衡新老项目关系。国家明确提出，以投产时间2025年6月1日为划断节点，区分存量和增量项目。,分布式光伏管理基础问答45问45答（根据政策文件更新）.docx,qa,
未中标项目后续根据什么价格开展结算？,未中标项目若具备在电力交易平台参与交易的资质，可以通过报量报价的方式参与电力市场交易； 不具备资质的，按照现货市场同类项目月度实时加权平均价格结算。,分布式光伏管理基础问答45问45答（根据政策文件更新）.docx,qa,
机制电价的执行起始时间如何计算？,入选时未投产的项目，以申报投产时间的次月1日为执行起始时间； 入选时已投产的项目，以公布入选之日的次月1日为执行起始时间。,分布式光伏管理基础问答45问45答（根据政策文件更新）.docx,qa,
物在同一用地红线范围内的闲置空地，还是仅指构筑物？,当构筑物和闲置空地与建筑物在同一用地红线范围内，可按照“附属场所”相关要求建设分布式光伏发电项目。,分布式光伏管理基础问答45问45答（根据政策文件更新）.docx,qa,
现场勘查环节有哪些要求？,勘查人员按照与项目投资主体预约时间，组织开展现场勘查，在现场勘查时应核实项目类型、项目建设地点、建设场所属性、上网模式等信息是否与并网意向申请资料一致，并核查项目是否提前开工建设，若实际勘查信息与申请资料不一致或项目提前开工建设的，应暂停受理并网意向，终止流程并上传佐证材料至营销信息系统，同时将相关情况报属地能源主管部门。依据现场勘查明确的公共电网连接点，研判电网可开放容量是否满足项目投资主体接入需求，填写《分布式光伏发电项目现场勘查工作单》，一式两份，双方各执一份。,分布式光伏管理基础问答45问45答（根据政策文件更新）.docx,qa,
由自然人备案的非自然人户用分布式光伏存量项目，应如何开展下一步工作？,对于非自然人户用分布式光伏，《管理办法》印发前已由自然人备案的，可不作备案主体变更，仍按原备案项目类型管理，但投资主体应当主动向备案机关和电网企业告知相关信息，明确承担项目运行维护的主体及相应法律责任。 建议投资主体提前准备好投资主体统一社会信用代码证书、电站地址权属证明、租赁协议、已建项目基本信息等资料，以备相关部门核查情况。,分布式光伏管理基础问答45问45答（根据政策文件更新）.docx,qa,
电力市场分为哪几种类型？,电力市场是以平衡电力供需为核心，发现价值信号、优化电力资源配置的市场，主要包括中长期市场、现货市场和辅助服务市场等。 中长期市场是电力市场的“稳定器”，以年、月、周、多日为交易周期，通过长期合同锁定电量与价格，规避短期价格波动风险，为电力系统提供基础电量平稳保障。 现货市场是电力供需的“风向标”，以一刻钟（15分钟）为交易周期（也称“实时市场”），通过一天内不同时点的价格信号动态匹配实时供需，解决电力“即发即用”平衡难题。 辅助服务市场是电力系统的“调节器”，从秒级到分钟级组织交易，调节发用电波动带来的系统频率变化，实现秒级的系统平衡。,分布式光伏管理基础问答45问45答（根据政策文件更新）.docx,qa,
竞价项目实际投产时间，是指首次并网时间，还是全容量并网时间？,指参与竞价项目的全容量并网时间，按照电力业务许可证中申报项目核准/备案发电机组的最晚投产时间认定。,分布式光伏管理基础问答45问45答（根据政策文件更新）.docx,qa,
自然人户用分布式光伏发电项目申请并网应提供哪些资料？,（1）申请人有效身份证明； （2）项目备案证明文件； （3）发电地址权属证明（含住宅、庭院的不动产权证、土地证或宅基地证等权属证明或乡镇及以上政府出具的宅基地使用权证明等）； （4）《自然人户用分布式光伏发电项目自行投资承诺书》（附件4）； （5）申请户名一致的银行卡卡号、开户行、联行号等资料。,分布式光伏管理基础问答45问45答（根据政策文件更新）.docx,qa,
自然人户用分布式光伏如何备案，应准备哪些材料？,对于自然人户用分布式光伏，由自然人选择备案方式，可由电网公司集中代理备案，也可由自然人自行备案，并由各省明确的分布式光伏发电备案机关出具备案文件。建议提前准备申请人有效身份证明、电站地址权属证明、拟建项目基本信息等材料。,分布式光伏管理基础问答45问45答（根据政策文件更新）.docx,qa,
自用、余电上网”模式建设6兆瓦的分布式光伏发电项目。若该用户在6兆瓦基础上增建14兆瓦建设大型工商业分布式光伏，先期建成的6兆瓦是否需调整为全部自发自用？,对于项目建设规模发生重大变更的，项目投资主体应当及时告知备案机关并修改相关信息。变更备案后，该项目应按照大型工商业分布式光伏管理，先期建成的分布式光伏上网模式应同步调整为全部自发自用。,分布式光伏管理基础问答45问45答（根据政策文件更新）.docx,qa,
量能否超过6兆瓦？,接入用户侧电网的大型工商业分布式光伏，与公共电网连接点电压等级为35千伏、总装机容量原则上不超过20兆瓦，或者与公共电网连接点电压等级为110千伏（66千伏）、总装机容量原则上不超过50兆瓦。在满足总容量约束以及电网安全 校核的前提下，对于单点接入容量原则上无限制。,分布式光伏管理基础问答45问45答（根据政策文件更新）.docx,qa,
非自然人户用分布式光伏发电项目申请并网应提供哪些资料？项目投资主体营业执照；,（1）项目备案证明文件； （2）发电地址权属证明（含住宅、庭院的不动产权证、土地证或宅基地证等权属证明或乡镇及以上政府出具的宅基地使用权证明等）； （3）非自然人户用分布式光伏租用协议； （4）申请户名一致的银行卡卡号、开户行、联行号等资料。,分布式光伏管理基础问答45问45答（根据政策文件更新）.docx,qa,
非自然人户用分布式光伏如何备案，应准备哪些材料？,对于非自然人户用分布式光伏，由投资主体备案，并由各省明确的分布式光伏发电备案机关出具备案文件。建议提前准备投资主体统一社会信用代码证书、电站地址权属证明、租赁协议、拟建项目基本信息等材料。 非自然人投资开发建设的分布式光伏发电项目不得以自然人名义备案。,分布式光伏管理基础问答45问45答（根据政策文件更新）.docx,qa,
供电企业信息公开有哪些要求？,1.用电报装信息和办理进度； 用电投诉处理情况； 其他用电信息。,监管办法问答.docx,qa,
供电企业选择电压监测点的规定是什么？,1.35KV专线供电用户和110KV以上供电用户应当设置电压监测点；,监管办法问答.docx,qa,
关于对供电企业重要用户管理要求有什么？,供电企业应当按照国家有关规定加强重要电力用户安全供电管理，指导重要电力用户配置和使用应急电源，建立自备应急电源基础档案数据库。供电企业发现用电设施存在安全隐患，应当及时告知用户采取有效措施进行治理。用电设施存在严重威胁电力系统安全运行和人身安全隐患，用户拒不治理的，供电企业可以按照国家有关规定对该用户中止供电。,监管办法问答.docx,qa,
向用户提供供电方案的期限是怎么规定的？,自受理用户用电申请之日起，居民用户不超过3个工作日；其他低压供电用户不超过8个工作日；高压单电源供电用户不超过20个工作日；高压双电源供电用户不超过45个工作日。,监管办法问答.docx,qa,
在电力系统正常的情况下，供电质量标准是什么？,城市地区年供电可靠率不低于99%，城市居民用户受电端电压合格率不低于95%，10KV以上供电用户受电端电压合格率不低于98%。,监管办法问答.docx,qa,
在电力系统运行正常情况下，供电企业应当连续向用户供电。需要停电或者限电的，应当符合哪些条件？,1.因供电设施计划检修需要停电的，供电企业应当提前7日公告停电区域、停电线路、停电时间； 因供电设施临时检修需要停电的，供电企业应当提前24小时公告停电区域、停电线路、停电时间； 因电网发生故障或者电力供需紧张等原因需要停电、限电的，供电企业应当按照所在地人民政府批准的有序用电方案或者事故应急处置方案执行。 引起停电或者限电原因消除后，供电企业应当尽快恢复正常供电； 供电企业对重要电力用户实施停电、限电、中止供电或者恢复供电，应当按照国家有关规定执行。,监管办法问答.docx,qa,
对用户受电工程启动中间检查的期限是怎么规定的？,自接到用户申请之日起，低压供电用户不超过3个工作日；高压供电用户不超过5个工作日。,监管办法问答.docx,qa,
对用户受电工程启动竣工检验的期限是怎么规定的？,自接到用户受电装置竣工工作报告和检验申请之日起，低压供电用户不超过5个工作日；高压供电用户不超过7个工作日。,监管办法问答.docx,qa,
对用户受电工程设计文件和有关资料审核期限是怎么规定的？,自受理之日起，低压供电用户不超过8个工作日；高压供电用户不超过20个工作日。,监管办法问答.docx,qa,
对用户投诉，供电企业应当在多少日内处理答复？,对于用户的投诉，供电企业应当自接到投诉之日起10个工作日内提出处理意见并答复用户。,监管办法问答.docx,qa,
电力监管机构依法履责，可以采取哪些措施进行现场检查？,1.进入供电企业进行检查； 询问供电企业的工作人员，要求其对有关检查事项作出说明； 查阅、复制与检查事项有关的文件、资料，对可能被转移、隐匿、损毁的文件、资料予以封存； 对检查中发现的未发行为，可以当场予以纠正或者要求限期整改。,监管办法问答.docx,qa,
电力监管机构对供电企业公平、无歧视开放供电市场的情况实施监管，供电企业不得从事哪些行为？,1.无正当理由拒绝用户用电申请； 对趸购转售电企业符合国家规定条件的输配电设施，拒绝或者拖延接入系统； 违反市场竞争原则，以不正当手段损害竞争对手的商业信誉或者排挤竞争对手；,监管办法问答.docx,qa,
电力监管机构对供电企业的监管内容有哪些方面？,1.对供电企业的供电能力实施监管； 对供电企业的供电质量实施监管； 对供电企业设置电压监测点的情况实施监管； 对供电企业保障供电安全的情况实施监管； 对供电企业履行电力社会普遍服务义务的情况实施监管； 对供电企业办理用电业务的情况实施监管； 对供电企业向用户受电工程提供服务的情况实施监管； 对供电企业实施停电、限电或者中止供电的情况进行监管； 对供电企业处理供电故障的情况实施监管； 对供电企业履行紧急供电义务的情况实施监管； 对供电企业处理用电投诉的情况实施监管； 对供电企业执行国家有关电力行政许可规定的情况实施监管； 对供电企业公平、无歧视开放供电市场的情况实施监管； 对供电企业执行国家规定的电价政策和收费标准的情况实施监管； 对供电企业签订供用电合同的情况实施监管； 对供电企业执行国家规定的成本规则的情况实施监管； 对供电企业信息公开的情况实施监管； 对供电企业报送信息情况实施监管； 对供电企业执行国家有关节能减排和环境保护政策情况实施监管； 对供电企业实施电力需求侧管理的的情况实施监管。,监管办法问答.docx,qa,
监管办法内所指供电企业指的是？,指的是依法取得电力业务许可证、从事供电业务的企业。,监管办法问答.docx,qa,
监管机构对供电企业处理故障情况实施监管要求有哪些？,1.供电企业应当建立完善的报修服务制度，公开报修电话，保持电话畅通，24小时受理供电故障报修； 到达现场抢修时限，自接到报修之时起，城区范围不超过60分钟；农村地区不超过120分钟；边远、交通不便地区不超过240分钟； 因天气、交通等特殊原因无法在规定时限内到达现场的，应当向用户做出解释。,监管办法问答.docx,qa,
给用户装表接电的期限是怎么规定的？,自受电装置检验合格并办结相关手续之日起，居民用户不超过3个工作日；其他低压供电用户不超过5个工作日；高压供电用户不超过7个工作日。,监管办法问答.docx,qa,
违反公平、无歧视开放供电市场条款（监管办法第18条）的处理结果是什么？,由电力监管机构责令改正，拒不改正的，处10万元以上100万元以下罚款；对直接负责的主管人员和其他直接责任人，依法给予处分；情节严重的，可以吊销电力业务许可证。,监管办法问答.docx,qa,
违反哪些情形之一，拒不改正，处5万元以上50万元以下罚款，对直接负责的主管人员和其他直接责任人员依法予以处分，构成犯罪的，依法追究刑事责任？,1.拒绝或者阻碍电力监管机构及其从事监管工作的人员依法履行监管职责的； 提供虚假或者隐瞒重要事实的文件、资料的； 未按照国家有关电力监管规章、规则的规定公开有关信息的。 对违反本办法并造成严重后果的供电企业主管人员或者直接责任人员，电力监管机构可以建议将其调离现任岗位，3年内不得担任供电企业同类职务。,监管办法问答.docx,qa,
